timestamp,daily yield(kWh),PV1 input power(W),PV2 input power(W),feed-in power(W),peak_production_time,peak_PV1_production_time,peak_PV2_production_time,peak_feed_inpower_time,low_feed_inpower_time,average_temperature,total_precipitation,daily_consumption,daily_feed_in_energy
2023-03-16,22.6,3837.0,3634.0,195.0,14:50:00,13:20:00,09:10:00,13:20:00,05:35:00,2.3421602787456446,0.25,13.470000000000027,0.09999999999999998
2023-03-17,20.5,3440.0,4075.0,522.0,15:05:00,10:00:00,10:00:00,13:45:00,01:10:00,6.111149825783972,0.0,9.460000000000036,0.0
2023-03-18,22.1,3751.0,3689.0,250.0,11:30:00,12:45:00,10:45:00,12:15:00,03:55:00,7.0501398601398595,0.0,9.850000000000023,0.10000000000000009
2023-03-19,24.4,4075.0,3288.0,107.0,11:15:00,12:25:00,12:10:00,13:15:00,02:55:00,8.113846153846154,0.0,6.839999999999918,0.09999999999999987
2023-03-20,17.3,4230.0,3892.0,283.0,18:00:00,11:40:00,11:40:00,14:20:00,06:05:00,9.513867595818816,0.0,6.110000000000014,0.0
2023-03-21,17.5,4106.0,4274.0,104.0,18:05:00,10:30:00,10:05:00,15:35:00,06:10:00,10.802439024390244,0.0,2.4400000000000546,0.10000000000000009
2023-03-22,25.1,3995.0,3525.0,0.0,13:20:00,13:00:00,10:25:00,00:05:00,12:10:00,13.313205574912892,0.0,1.2999999999999545,0.09999999999999987
2023-03-23,15.1,3859.0,3501.0,97.0,19:00:00,11:05:00,11:05:00,11:05:00,11:25:00,13.504599303135889,0.0,1.0,0.10000000000000009
2023-03-24,13.2,1560.0,1093.0,0.0,17:25:00,12:45:00,12:45:00,00:05:00,07:05:00,14.41247386759582,0.0,6.210000000000036,0.0
2023-03-25,20.0,4787.0,5233.0,527.0,13:00:00,13:05:00,10:25:00,12:20:00,06:10:00,10.002752613240418,0.0,6.720000000000027,0.19999999999999996
2023-03-26,21.7,3500.0,4128.0,147.0,13:30:00,11:55:00,09:05:00,18:45:00,07:05:00,9.143079710144926,2.79,1.7000000000000455,0.10000000000000009
2023-03-27,24.2,5363.0,4430.0,351.0,21:00:00,12:45:00,12:45:00,14:35:00,09:20:00,3.9209059233449475,2.79,9.739999999999895,0.19999999999999996
2023-03-28,24.1,5843.0,4866.0,797.0,19:45:00,12:35:00,12:35:00,12:45:00,01:05:00,1.8503819444444443,0.0,12.009999999999991,0.20000000000000018
2023-03-29,19.5,2557.0,3192.0,0.0,14:35:00,09:35:00,09:35:00,00:05:00,20:35:00,3.7328124999999996,0.0,16.620000000000005,0.0
2023-03-30,12.5,2648.0,2882.0,0.0,11:55:00,10:05:00,10:05:00,08:00:00,18:40:00,9.216332179930795,18.8,16.410000000000082,0.0
2023-03-31,13.2,2188.0,3672.0,0.0,11:35:00,08:55:00,08:55:00,07:10:00,05:35:00,9.601602787456445,6.35,15.129999999999995,0.0
2023-04-01,18.4,4308.0,3124.0,166.0,17:15:00,14:45:00,12:10:00,14:45:00,06:50:00,10.540902777777779,0.25,8.379999999999995,0.09999999999999964
2023-04-02,9.0,1442.0,1088.0,90.0,07:10:00,13:15:00,13:15:00,13:40:00,10:40:00,7.251324503311259,1.02,7.600000000000023,0.0
2023-04-03,21.5,3768.0,1378.0,0.0,15:40:00,15:50:00,15:50:00,15:20:00,18:00:00,,,0.39999999999997726,0.0
2023-04-04,25.7,5275.0,4491.0,254.0,17:05:00,11:40:00,11:50:00,11:25:00,05:25:00,1.9265972222222223,0.0,9.669999999999959,0.10000000000000009
2023-04-05,20.7,3283.0,4006.0,285.0,16:05:00,10:20:00,10:20:00,16:05:00,01:10:00,1.1952961672473867,0.0,12.300000000000068,0.10000000000000009
2023-04-06,28.1,5543.0,4009.0,48.0,13:05:00,13:30:00,10:05:00,14:30:00,13:25:00,3.16757785467128,0.0,11.329999999999927,0.10000000000000009
2023-04-07,16.2,1506.0,1036.0,88.0,00:15:00,15:20:00,15:20:00,19:00:00,19:50:00,4.291637630662021,0.76,13.930000000000064,0.0
2023-04-08,12.4,3433.0,1248.0,0.0,16:40:00,16:10:00,15:10:00,07:40:00,09:40:00,5.507793103448276,1.52,27.460000000000036,0.0
2023-04-09,17.2,4024.0,3992.0,0.0,15:10:00,11:05:00,11:05:00,09:15:00,21:00:00,6.478780487804879,2.79,14.07000000000005,0.0
2023-04-10,26.3,4478.0,4192.0,304.0,10:30:00,12:35:00,10:45:00,11:35:00,01:45:00,9.062326388888888,0.0,7.709999999999923,0.2999999999999998
2023-04-11,19.0,4399.0,2547.0,81.0,18:45:00,14:50:00,14:50:00,15:30:00,05:30:00,7.0895470383275265,5.08,8.920000000000073,0.10000000000000009
2023-04-12,15.1,3254.0,4140.0,78.0,19:45:00,09:50:00,09:50:00,09:45:00,05:25:00,8.434459930313588,0.0,10.17999999999995,0.10000000000000009
2023-04-13,22.0,2116.0,1509.0,71.0,19:45:00,13:35:00,13:35:00,14:10:00,23:55:00,9.238096885813148,1.52,1.0499999999999545,0.0
2023-04-14,7.2,882.0,665.0,0.0,12:20:00,13:20:00,13:20:00,09:50:00,19:05:00,6.838566433566434,25.15,28.190000000000055,0.0
2023-04-15,18.2,3771.0,1995.0,0.0,15:05:00,15:45:00,11:00:00,07:25:00,18:50:00,7.74623693379791,3.81,18.470000000000027,0.0
2023-04-16,21.3,4402.0,4391.0,286.0,13:25:00,11:15:00,11:15:00,13:30:00,08:05:00,9.4165625,0.25,11.32000000000005,0.09999999999999964
2023-04-17,23.7,4954.0,4319.0,291.0,13:30:00,13:30:00,10:25:00,12:45:00,05:20:00,8.444513888888888,0.0,4.8799999999999955,0.10000000000000009
2023-04-18,15.6,4135.0,1734.0,495.0,15:05:00,15:50:00,11:30:00,16:50:00,05:30:00,10.117526132404182,1.02,5.6299999999999955,0.10000000000000009
2023-04-19,21.7,4023.0,4455.0,234.0,16:30:00,09:55:00,10:15:00,10:15:00,15:20:00,8.774513888888889,1.52,1.1000000000000227,0.10000000000000009
2023-04-20,16.5,4751.0,4193.0,172.0,20:15:00,12:25:00,12:10:00,16:25:00,05:10:00,8.10965156794425,0.25,5.75,0.10000000000000009
2023-04-21,19.1,3810.0,3884.0,197.0,15:10:00,15:30:00,09:55:00,20:15:00,12:00:00,12.967916666666666,0.0,1.0,0.09999999999999964
2023-04-22,20.3,3131.0,3823.0,578.0,09:50:00,09:55:00,09:55:00,12:25:00,21:10:00,14.112857142857143,0.0,1.099999999999909,0.10000000000000009
2023-04-23,18.8,4097.0,3217.0,130.0,12:10:00,12:15:00,12:15:00,12:15:00,18:10:00,13.979756097560976,0.0,1.0,0.0
2023-04-24,16.2,3200.0,2073.0,273.0,10:05:00,14:35:00,14:05:00,10:20:00,18:25:00,11.726153846153846,3.56,1.1000000000001364,0.10000000000000009
2023-04-25,17.5,4317.0,2838.0,117.0,15:10:00,11:20:00,07:55:00,15:40:00,08:35:00,9.131157894736843,0.0,1.099999999999909,0.0
2023-04-26,23.3,4785.0,4588.0,762.0,09:45:00,10:35:00,09:50:00,14:45:00,05:50:00,6.104425087108014,0.0,2.0,0.20000000000000018
2023-04-27,22.3,4128.0,4286.0,281.0,14:40:00,10:50:00,10:50:00,15:25:00,06:05:00,8.100902777777778,0.0,2.2999999999999545,0.20000000000000018
2023-04-28,21.8,3175.0,3937.0,1000.0,15:30:00,09:40:00,09:40:00,20:05:00,06:10:00,10.436020761245674,0.25,1.7999999999999545,1.6999999999999993
2023-04-29,25.8,5090.0,4584.0,971.0,11:10:00,14:40:00,11:15:00,13:45:00,08:25:00,12.53885813148789,7.87,8.319999999999936,5.4
2023-04-30,55.0,4789.0,4771.0,8457.0,11:00:00,12:40:00,11:00:00,11:40:00,06:35:00,12.43517361111111,0.0,2.9700000000000273,37.4
2023-05-01,59.1,4857.0,4157.0,7570.0,12:35:00,13:50:00,09:50:00,11:05:00,05:45:00,12.783391003460208,0.0,1.0,39.2
2023-05-02,25.9,2811.0,2012.0,3908.0,17:40:00,13:45:00,11:45:00,14:15:00,08:50:00,14.232508710801394,0.0,1.0,7.099999999999994
2023-05-03,56.2,4931.0,4993.0,8053.0,10:30:00,14:20:00,10:05:00,10:30:00,06:20:00,11.863263888888888,0.0,0.900000000000091,41.3
2023-05-04,62.7,4612.0,4253.0,7884.0,12:05:00,12:20:00,10:05:00,11:55:00,06:10:00,11.641324041811847,0.0,0.5,44.80000000000001
2023-05-05,57.6,4938.0,4118.0,7692.0,13:30:00,13:30:00,10:45:00,13:30:00,05:30:00,15.422326388888889,0.0,0.7999999999999545,42.69999999999999
2023-05-06,41.1,5381.0,4410.0,8601.0,11:45:00,13:55:00,11:45:00,11:45:00,16:15:00,15.52455172413793,1.02,0.09999999999990905,25.80000000000001
2023-05-07,30.2,4811.0,2742.0,6720.0,14:50:00,15:15:00,14:50:00,14:50:00,16:40:00,10.793923611111111,0.0,0.2999999999999545,14.999999999999972
2023-05-08,65.0,4818.0,4318.0,7735.0,11:45:00,12:45:00,10:35:00,11:25:00,19:25:00,10.852083333333333,0.0,0.20000000000004547,45.60000000000002
2023-05-09,66.3,4818.0,4251.0,8026.0,11:50:00,13:10:00,11:00:00,11:50:00,22:05:00,11.732465277777777,0.0,0.10000000000013642,53.19999999999999
2023-05-10,61.4,5299.0,4316.0,8870.0,12:35:00,13:00:00,11:45:00,12:35:00,00:05:00,14.946586206896553,0.0,0.1999999999998181,53.900000000000034
2023-05-11,37.6,5115.0,4803.0,8964.0,11:10:00,11:40:00,11:10:00,11:40:00,22:10:00,16.073031358885018,0.0,0.20000000000004547,26.400000000000034
2023-05-12,49.1,5612.0,4918.0,8224.0,11:55:00,11:55:00,11:55:00,14:40:00,16:25:00,14.95801393728223,0.0,0.20000000000004547,35.5
2023-05-13,25.9,3829.0,3947.0,5121.0,14:15:00,09:50:00,09:50:00,14:15:00,17:55:00,13.648680555555556,0.0,0.20000000000004547,14.900000000000034
2023-05-14,35.9,4491.0,4588.0,8374.0,10:25:00,10:25:00,10:25:00,10:25:00,15:20:00,13.661742160278745,3.81,0.2999999999999545,14.599999999999966
2023-05-15,19.2,4424.0,2478.0,5562.0,15:20:00,15:00:00,15:00:00,15:20:00,05:00:00,12.510138408304497,17.02,4.789999999999964,7.900000000000034
2023-05-16,40.0,3821.0,3968.0,6915.0,10:00:00,11:30:00,10:00:00,10:00:00,07:05:00,11.611643356643356,1.78,0.20000000000004547,26.799999999999955
2023-05-17,42.0,4924.0,3885.0,6729.0,12:40:00,12:40:00,12:40:00,12:40:00,05:45:00,11.015839160839162,0.0,0.20000000000004547,27.300000000000068
2023-05-18,35.9,5430.0,5783.0,7092.0,11:00:00,09:45:00,09:45:00,11:00:00,19:30:00,11.136526315789473,0.0,0.09999999999990905,25.299999999999955
2023-05-19,49.1,5603.0,5031.0,9022.0,13:35:00,13:35:00,10:20:00,13:35:00,18:55:00,13.296167247386759,0.0,0.20000000000004547,36.39999999999998
2023-05-20,57.7,4944.0,4451.0,7382.0,12:40:00,14:50:00,09:20:00,11:45:00,00:05:00,17.200069444444445,0.0,0.09999999999990905,42.0
2023-05-21,53.1,4638.0,3949.0,7759.0,12:45:00,12:45:00,10:50:00,12:40:00,15:20:00,20.05752613240418,0.0,0.20000000000004547,37.80000000000007
2023-05-22,58.1,4575.0,3963.0,7437.0,11:40:00,13:45:00,10:45:00,11:40:00,06:20:00,20.306097560975612,0.0,0.20000000000004547,45.799999999999955
2023-05-23,20.4,4035.0,3248.0,5902.0,10:30:00,15:35:00,10:30:00,10:30:00,00:35:00,17.06867595818815,0.25,0.09999999999990905,12.299999999999955
2023-05-24,56.5,4722.0,3717.0,7746.0,12:35:00,12:35:00,12:35:00,12:40:00,21:15:00,13.290696864111498,0.0,0.10000000000013642,25.700000000000045
2023-05-25,61.9,4578.0,3958.0,7646.0,11:45:00,13:05:00,11:00:00,12:05:00,21:15:00,14.735868055555557,0.0,0.09999999999990905,49.89999999999998
2023-05-26,51.4,5622.0,4240.0,9178.0,13:15:00,13:15:00,13:15:00,13:15:00,07:50:00,16.249407665505228,0.0,0.2999999999999545,35.799999999999955
2023-05-27,63.3,4658.0,4258.0,8093.0,11:35:00,11:35:00,11:35:00,11:35:00,04:35:00,14.717222222222224,0.0,0.10000000000013642,49.200000000000045
2023-05-28,66.6,4448.0,3905.0,7295.0,11:40:00,12:55:00,11:05:00,12:20:00,17:35:00,16.20459930313589,0.0,0.1999999999998181,47.299999999999955
2023-05-29,60.6,4487.0,3917.0,7528.0,11:45:00,13:10:00,11:00:00,11:45:00,05:00:00,17.353310104529616,0.0,1.150000000000091,49.89999999999998
2023-05-30,59.4,5002.0,4731.0,8774.0,11:00:00,12:25:00,11:00:00,11:00:00,07:30:00,17.73780487804878,0.0,0.20000000000004547,46.600000000000136
2023-05-31,64.9,4610.0,4081.0,7879.0,11:30:00,12:30:00,10:40:00,11:30:00,20:00:00,17.23491349480969,0.0,0.09999999999990905,54.700000000000045
2023-06-01,56.3,4607.0,4177.0,7953.0,11:20:00,11:30:00,11:15:00,11:30:00,19:55:00,18.531114982578398,0.0,0.2999999999999545,44.799999999999955
2023-06-02,62.3,4985.0,4426.0,8512.0,11:15:00,12:50:00,11:00:00,11:15:00,20:35:00,16.695714285714285,0.0,0.20000000000004547,50.59999999999991
2023-06-03,70.0,4744.0,4232.0,7876.0,11:55:00,12:55:00,10:40:00,12:15:00,18:20:00,15.291487889273355,0.0,0.20000000000004547,53.40000000000009
2023-06-04,66.1,4618.0,4054.0,7491.0,12:05:00,12:50:00,11:00:00,12:50:00,00:05:00,16.978675958188155,0.0,0.09999999999990905,49.90000000000009
2023-06-05,31.5,3007.0,3348.0,5237.0,11:20:00,11:20:00,07:55:00,11:20:00,12:30:00,16.51517361111111,8.64,0.20000000000004547,18.199999999999818
2023-06-06,19.5,2407.0,1600.0,3219.0,16:55:00,15:40:00,15:40:00,15:40:00,03:15:00,16.420174216027874,7.37,3.2999999999999545,5.7000000000000455
2023-06-07,30.5,3205.0,2839.0,5579.0,10:45:00,10:45:00,10:45:00,10:45:00,00:55:00,18.56689895470383,0.0,6.2000000000000455,21.0
2023-06-08,54.3,5053.0,4466.0,8810.0,11:50:00,11:50:00,11:50:00,11:50:00,00:05:00,19.89602787456446,1.02,0.20000000000004547,42.700000000000045
2023-06-09,33.1,5856.0,4333.0,8987.0,13:05:00,14:15:00,10:00:00,14:15:00,19:45:00,17.779790940766553,5.84,0.20000000000004547,21.200000000000045
2023-06-10,38.8,5334.0,4656.0,8406.0,12:10:00,12:15:00,12:10:00,12:10:00,20:25:00,19.04611111111111,1.02,0.20000000000004547,25.59999999999991
2023-06-11,68.1,5011.0,4222.0,8292.0,12:20:00,12:20:00,12:00:00,12:20:00,21:10:00,19.283554006968643,0.0,0.1999999999998181,53.200000000000045
2023-06-12,55.4,5372.0,4249.0,8023.0,13:55:00,13:55:00,09:20:00,13:55:00,19:45:00,17.488125,0.0,0.20000000000004547,42.799999999999955
2023-06-13,53.3,5304.0,4829.0,8961.0,10:45:00,13:25:00,10:45:00,10:45:00,05:45:00,14.560418118466899,2.79,0.10000000000013642,37.600000000000136
2023-06-14,59.0,5796.0,4292.0,8928.0,13:50:00,13:50:00,11:25:00,13:50:00,18:35:00,16.705574912891986,0.0,0.5,49.700000000000045
2023-06-15,55.0,5188.0,4394.0,8610.0,11:55:00,13:35:00,11:55:00,11:55:00,18:25:00,16.145296167247388,0.0,0.09999999999990905,41.5
2023-06-16,58.6,5334.0,4411.0,8474.0,13:00:00,15:15:00,11:10:00,13:00:00,17:45:00,16.558368055555558,0.0,0.20000000000004547,46.0
2023-06-17,42.3,5876.0,4572.0,9088.0,13:30:00,13:30:00,11:40:00,13:30:00,20:15:00,16.193031358885015,9.91,0.20000000000004547,27.799999999999955
2023-06-18,67.7,4716.0,3862.0,7821.0,12:30:00,12:30:00,11:00:00,12:30:00,18:30:00,19.019505300353355,0.0,0.1999999999998181,53.40000000000009
2023-06-19,38.0,5386.0,5146.0,8672.0,13:15:00,13:15:00,10:20:00,13:15:00,17:10:00,21.113658536585366,0.0,0.3000000000001819,23.5
2023-06-20,56.3,4958.0,4380.0,8420.0,11:50:00,15:20:00,11:50:00,11:50:00,16:05:00,24.86652777777778,0.0,0.09999999999990905,37.399999999999864
2023-06-21,51.7,5124.0,3677.0,7310.0,13:30:00,14:25:00,10:55:00,12:40:00,03:55:00,24.70437062937063,4.57,2.8599999999999,36.799999999999955
2023-06-22,58.0,4503.0,3860.0,7407.0,11:45:00,13:10:00,10:55:00,11:45:00,05:40:00,25.12732638888889,0.25,1.7100000000000364,38.59999999999991
2023-06-23,33.1,5415.0,4886.0,9282.0,11:20:00,11:20:00,10:30:00,10:30:00,05:55:00,21.841602787456445,0.0,2.6900000000000546,23.800000000000182
2023-06-24,43.5,5635.0,4708.0,8895.0,11:20:00,13:35:00,11:20:00,12:25:00,19:15:00,19.052578397212542,2.79,0.20000000000004547,35.09999999999991
2023-06-25,59.8,5426.0,4481.0,8475.0,13:15:00,13:15:00,10:55:00,13:15:00,11:00:00,20.253356401384085,0.0,0.2999999999999545,42.19999999999982
2023-06-26,62.5,4875.0,3776.0,7674.0,12:50:00,13:45:00,10:25:00,12:50:00,15:35:00,23.365993031358887,0.25,0.09999999999990905,42.20000000000027
2023-06-27,41.8,5287.0,4498.0,8908.0,12:05:00,14:50:00,12:05:00,12:05:00,14:15:00,17.931006944444444,0.76,3.790000000000191,29.90000000000009
2023-06-28,51.2,5855.0,5077.0,8996.0,11:40:00,13:50:00,11:40:00,11:05:00,00:05:00,17.024390243902438,0.0,0.1999999999998181,41.40000000000009
2023-06-29,68.6,4557.0,4006.0,7608.0,11:55:00,13:00:00,10:45:00,11:35:00,17:55:00,19.938333333333333,0.0,0.10000000000013642,54.59999999999991
2023-06-30,17.4,1937.0,1462.0,2767.0,14:20:00,14:05:00,11:50:00,14:05:00,17:25:00,19.942,1.52,0.2999999999999545,7.099999999999909
2023-07-01,46.0,4939.0,4542.0,8276.0,12:30:00,12:25:00,11:10:00,12:30:00,22:15:00,20.75486111111111,5.08,0.20000000000004547,27.40000000000009
2023-07-02,41.1,5531.0,5124.0,8287.0,11:00:00,12:00:00,11:00:00,14:20:00,11:55:00,21.071289198606273,0.0,0.20000000000004547,25.90000000000009
2023-07-03,50.5,5335.0,4514.0,8966.0,11:50:00,13:40:00,11:50:00,11:50:00,08:25:00,20.404425087108013,0.0,0.1999999999998181,35.69999999999982
2023-07-04,52.4,5261.0,4511.0,8162.0,11:45:00,12:45:00,11:45:00,12:30:00,05:30:00,20.73094076655052,0.0,2.4200000000000728,38.30000000000018
2023-07-05,38.8,5965.0,4954.0,8156.0,11:30:00,13:35:00,11:30:00,11:30:00,21:20:00,19.614076655052266,6.35,0.20000000000004547,21.299999999999727
2023-07-06,60.2,5219.0,4045.0,8485.0,12:50:00,12:50:00,12:50:00,12:50:00,18:05:00,19.56045138888889,0.0,0.20000000000004547,46.20000000000027
2023-07-07,64.5,4473.0,3842.0,7512.0,12:20:00,12:40:00,10:25:00,12:15:00,03:00:00,21.370173010380622,0.0,3.019999999999982,48.29999999999973
2023-07-08,63.5,4702.0,3928.0,7632.0,12:30:00,12:30:00,11:45:00,12:30:00,04:35:00,23.427560975609754,0.0,2.119999999999891,44.5
2023-07-09,57.8,4225.0,3772.0,7079.0,10:05:00,13:10:00,10:30:00,11:55:00,10:10:00,24.593310344827586,0.0,6.180000000000064,36.80000000000018
2023-07-10,38.9,5344.0,4196.0,8554.0,13:05:00,13:05:00,12:10:00,13:05:00,14:25:00,23.085749128919858,0.25,0.40000000000009095,26.59999999999991
2023-07-11,60.8,4316.0,3674.0,7172.0,12:30:00,12:45:00,10:55:00,12:35:00,00:05:00,24.319756944444446,0.0,0.09999999999990905,43.59999999999991
2023-07-12,43.5,4862.0,4437.0,8389.0,11:15:00,11:15:00,11:15:00,11:15:00,20:15:00,24.738954703832754,3.05,0.20000000000004547,29.600000000000364
2023-07-13,46.6,5034.0,4545.0,8667.0,11:45:00,12:50:00,10:35:00,11:45:00,05:30:00,22.661770833333335,2.29,3.6699999999998454,30.0
2023-07-14,62.1,4618.0,3855.0,7561.0,12:35:00,12:35:00,11:15:00,12:35:00,22:15:00,21.815853658536586,0.0,0.10000000000013642,46.5
2023-07-15,59.0,4290.0,3875.0,6633.0,11:40:00,13:10:00,10:50:00,11:40:00,00:55:00,26.606655052264806,0.0,6.410000000000082,40.5
2023-07-16,25.3,5978.0,4310.0,3721.0,11:10:00,13:35:00,13:35:00,16:15:00,12:05:00,,,3.0699999999999363,7.299999999999727
2023-07-17,44.6,4881.0,4094.0,7816.0,11:30:00,14:30:00,11:30:00,11:30:00,04:15:00,23.750902777777778,5.84,1.75,30.40000000000009
2023-07-18,62.0,5285.0,3872.0,7354.0,13:20:00,13:20:00,10:45:00,11:45:00,19:30:00,22.404366197183098,0.0,0.09999999999990905,47.30000000000018
2023-07-19,53.7,5167.0,4789.0,9121.0,11:55:00,11:55:00,11:55:00,11:55:00,23:35:00,21.698680555555555,0.0,2.009999999999991,37.69999999999982
2023-07-20,51.6,5163.0,4589.0,8640.0,12:15:00,12:15:00,10:50:00,12:15:00,02:10:00,19.57621052631579,0.0,7.330000000000155,38.90000000000009
2023-07-21,46.4,5115.0,4323.0,7794.0,13:45:00,13:45:00,09:45:00,13:45:00,21:55:00,19.387859531772577,13.46,0.5,31.300000000000182
2023-07-22,49.7,5530.0,4356.0,9067.0,12:35:00,12:35:00,12:35:00,12:35:00,18:50:00,18.328899676375404,0.0,0.20000000000004547,38.399999999999636
2023-07-23,48.6,4994.0,4071.0,7935.0,12:05:00,14:20:00,12:05:00,12:05:00,19:00:00,22.832256944444442,0.0,0.2999999999999545,33.30000000000018
2023-07-24,34.3,4821.0,4431.0,8335.0,11:30:00,11:30:00,11:30:00,11:30:00,10:25:00,23.22840830449827,0.0,0.20000000000004547,19.09999999999991
2023-07-25,33.4,5596.0,3790.0,8549.0,14:15:00,14:15:00,14:15:00,14:15:00,16:50:00,19.523368055555554,13.46,0.1999999999998181,19.5
2023-07-26,41.1,5559.0,4985.0,9054.0,11:45:00,11:40:00,11:40:00,13:05:00,04:45:00,15.940522648083626,4.57,2.4600000000000364,23.90000000000009
2023-07-27,49.4,5785.0,4412.0,9104.0,13:55:00,13:55:00,12:50:00,13:55:00,00:20:00,17.17560975609756,0.0,0.20000000000004547,34.5
2023-07-28,33.3,5455.0,5112.0,8866.0,12:30:00,14:10:00,11:15:00,12:30:00,07:35:00,20.631393728222996,2.29,5.779999999999973,19.300000000000182
2023-07-29,34.4,5719.0,4736.0,9014.0,13:10:00,13:10:00,10:40:00,13:10:00,05:40:00,20.993170731707316,3.56,1.8399999999999181,21.40000000000009
2023-07-30,26.8,5667.0,4079.0,7968.0,13:55:00,13:40:00,13:40:00,13:55:00,17:20:00,18.157430555555557,15.75,0.20000000000004547,11.699999999999818
2023-07-31,30.7,4827.0,3400.0,7064.0,13:50:00,13:50:00,13:50:00,13:20:00,11:10:00,18.97588850174216,0.0,0.20000000000004547,16.59999999999991
2023-08-01,19.9,4686.0,2849.0,2735.0,15:20:00,14:50:00,14:50:00,16:05:00,10:50:00,18.661263157894737,3.56,1.5,4.0
2023-08-02,39.5,4693.0,4121.0,7683.0,13:10:00,13:10:00,11:05:00,11:05:00,16:25:00,18.915505226480835,1.02,0.20000000000004547,22.700000000000273
2023-08-03,39.1,5378.0,4802.0,8985.0,11:15:00,14:15:00,11:15:00,11:15:00,02:30:00,21.5053125,0.25,6.339999999999918,26.299999999999727
2023-08-04,40.6,4858.0,4365.0,8227.0,11:40:00,13:35:00,11:40:00,11:40:00,04:00:00,20.770557491289196,0.0,3.490000000000009,28.0
2023-08-05,13.7,1394.0,1039.0,1160.0,12:05:00,14:10:00,14:10:00,07:50:00,18:25:00,16.672777777777778,16.76,8.950000000000045,2.300000000000182
2023-08-06,15.1,1954.0,1434.0,1030.0,12:40:00,13:15:00,12:40:00,12:40:00,09:50:00,15.688292682926829,19.56,7.800000000000182,3.099999999999909
2023-08-07,24.0,5210.0,4103.0,5789.0,14:50:00,13:45:00,12:45:00,14:50:00,00:40:00,14.882638888888888,11.94,7.929999999999836,6.300000000000182
2023-08-08,46.5,6009.0,5133.0,9710.0,12:30:00,13:30:00,12:30:00,12:30:00,05:35:00,16.978356643356644,0.0,2.3600000000001273,25.699999999999818
2023-08-09,31.1,5515.0,4710.0,8522.0,13:35:00,12:25:00,12:25:00,13:35:00,03:30:00,15.923715277777777,7.11,5.029999999999973,18.90000000000009
2023-08-10,59.0,4621.0,3965.0,7578.0,12:45:00,13:25:00,10:45:00,12:45:00,18:15:00,,,0.09999999999990905,44.90000000000009
2023-08-11,49.3,4227.0,4054.0,7138.0,10:25:00,13:05:00,10:25:00,11:45:00,15:00:00,,,0.20000000000004547,30.699999999999818
2023-08-12,56.0,4144.0,4089.0,7224.0,10:45:00,12:55:00,10:45:00,10:45:00,19:55:00,23.217630662020905,0.0,0.10000000000013642,42.5
2023-08-13,46.3,4395.0,3840.0,7038.0,11:50:00,13:55:00,10:10:00,12:45:00,22:10:00,23.521631944444444,0.0,0.1999999999998181,30.0
2023-08-14,49.2,4597.0,3831.0,7634.0,12:30:00,12:30:00,12:30:00,12:30:00,20:15:00,25.005517241379312,16.76,0.20000000000004547,30.700000000000273
2023-08-15,49.7,4154.0,3693.0,6480.0,12:35:00,12:35:00,10:55:00,11:55:00,01:25:00,25.829686411149826,0.0,4.120000000000118,26.90000000000009
2023-08-16,53.2,4496.0,3950.0,7072.0,11:35:00,13:25:00,10:50:00,10:50:00,21:10:00,23.42388888888889,0.25,0.1999999999998181,35.399999999999636
2023-08-17,41.5,5255.0,4722.0,8379.0,12:30:00,12:30:00,11:30:00,11:30:00,05:10:00,22.487291666666668,0.76,2.2200000000000273,27.600000000000364
2023-08-18,48.4,4009.0,4155.0,6680.0,11:45:00,13:25:00,09:45:00,12:15:00,19:30:00,23.115104166666665,0.0,0.10000000000013642,34.5
2023-08-19,54.2,3967.0,3578.0,6427.0,12:20:00,13:00:00,11:00:00,12:00:00,00:05:00,24.21885017421603,0.0,0.09999999999990905,36.0
2023-08-20,33.7,4893.0,4406.0,8201.0,12:10:00,12:10:00,10:40:00,12:10:00,01:20:00,24.714062499999997,0.0,3.7999999999999545,18.199999999999818
2023-08-21,42.5,4511.0,3972.0,7079.0,11:50:00,12:25:00,11:50:00,11:20:00,05:25:00,25.3590625,0.0,0.10000000000013642,26.800000000000182
2023-08-22,48.0,4342.0,3492.0,6147.0,13:45:00,13:45:00,10:35:00,11:40:00,04:55:00,25.530243902439025,0.0,0.20000000000004547,28.899999999999636
2023-08-23,51.4,4372.0,3612.0,6877.0,13:20:00,13:20:00,11:10:00,13:20:00,02:10:00,23.73609756097561,0.0,0.1999999999998181,37.0
2023-08-24,50.2,4285.0,3596.0,6508.0,11:55:00,15:35:00,11:25:00,11:50:00,00:05:00,22.88111111111111,0.0,0.10000000000013642,36.40000000000009
2023-08-25,42.5,4317.0,3803.0,6774.0,11:00:00,13:30:00,10:25:00,11:30:00,15:20:00,24.63205574912892,0.0,0.09999999999990905,29.700000000000273
2023-08-26,28.4,5232.0,4046.0,8286.0,13:05:00,13:05:00,13:05:00,13:05:00,21:30:00,22.326515679442508,7.37,0.10000000000013642,16.5
2023-08-27,10.3,1615.0,1091.0,139.0,14:35:00,15:10:00,15:10:00,01:45:00,13:50:00,18.467247386759585,3.81,5.419999999999845,0.09999999999990905
2023-08-28,7.6,1815.0,1351.0,0.0,13:05:00,13:20:00,13:20:00,07:25:00,11:15:00,15.357534722222223,23.11,9.399999999999864,0.1999999999998181
2023-08-29,8.5,1489.0,1170.0,101.0,14:20:00,11:10:00,11:10:00,11:40:00,15:55:00,13.522682926829269,8.38,13.88000000000011,0.09999999999990905
2023-08-30,11.5,1916.0,1360.0,1953.0,16:25:00,15:30:00,13:30:00,16:40:00,05:25:00,14.935729166666667,0.0,6.579999999999927,1.6000000000003638
2023-08-31,35.8,5519.0,4678.0,9081.0,13:30:00,13:30:00,11:40:00,13:30:00,10:00:00,14.779616724738675,0.25,0.10000000000013642,23.59999999999991
2023-09-01,18.1,3977.0,3360.0,5179.0,14:45:00,11:55:00,11:55:00,14:45:00,09:25:00,15.858615916955019,0.0,0.1999999999998181,5.299999999999727
2023-09-02,28.7,4946.0,4759.0,8569.0,12:20:00,12:20:00,11:10:00,12:20:00,15:35:00,18.836062717770034,0.0,0.10000000000013642,14.400000000000091
2023-09-03,25.8,4311.0,3264.0,4770.0,13:10:00,13:10:00,13:10:00,13:10:00,16:25:00,17.94425087108014,0.0,0.2999999999999545,5.900000000000091
2023-09-04,50.3,4023.0,3751.0,6734.0,11:30:00,12:40:00,11:20:00,11:45:00,18:00:00,,,0.09999999999990905,37.59999999999991
2023-09-05,50.5,4000.0,3790.0,6674.0,11:45:00,13:10:00,10:40:00,11:45:00,05:55:00,17.800383275261325,0.0,0.10000000000013642,37.20000000000027
2023-09-06,49.5,3952.0,3754.0,6646.0,12:10:00,12:50:00,10:35:00,12:10:00,17:50:00,18.395818815331012,0.0,0.09999999999990905,37.69999999999982
2023-09-07,51.4,3974.0,3748.0,6790.0,11:45:00,13:20:00,10:35:00,11:55:00,08:15:00,20.040034843205575,0.0,0.10000000000013642,41.399999999999636
2023-09-08,48.3,3926.0,3703.0,6450.0,12:20:00,12:20:00,10:35:00,12:40:00,17:50:00,20.080243902439022,0.0,0.1999999999998181,34.0
2023-09-09,48.3,3923.0,3643.0,6614.0,11:45:00,12:55:00,10:35:00,11:35:00,00:05:00,20.34867132867133,0.0,0.10000000000013642,37.100000000000364
2023-09-10,49.5,3785.0,3560.0,6403.0,11:45:00,12:40:00,10:45:00,11:45:00,06:20:00,20.37348432055749,0.0,0.09999999999990905,37.30000000000018
2023-09-11,44.8,3783.0,3439.0,6036.0,11:45:00,13:40:00,10:50:00,12:05:00,06:00:00,20.91118881118881,0.0,0.10000000000013642,31.800000000000182
2023-09-12,42.2,3752.0,3418.0,6307.0,12:00:00,12:00:00,12:00:00,12:00:00,00:05:00,22.68642361111111,64.77,0.09999999999990905,32.29999999999927
2023-09-13,38.9,4178.0,3791.0,6332.0,11:05:00,13:15:00,10:15:00,13:15:00,17:25:00,21.52512195121951,0.0,0.09999999999990905,26.200000000000728
2023-09-14,21.8,5822.0,4869.0,7089.0,13:55:00,12:35:00,12:35:00,13:55:00,00:05:00,17.856701388888887,0.0,0.20000000000004547,8.599999999999454
2023-09-15,36.0,4442.0,4135.0,7181.0,12:25:00,12:25:00,09:50:00,12:25:00,18:30:00,16.270348432055748,0.0,0.20000000000004547,25.199999999999818
2023-09-16,45.7,3915.0,3578.0,6327.0,11:50:00,13:40:00,10:20:00,12:00:00,18:40:00,19.419895470383278,0.0,0.09999999999990905,31.100000000000364
2023-09-17,43.8,3652.0,3510.0,5973.0,11:40:00,12:45:00,10:50:00,12:25:00,17:40:00,20.31986111111111,0.0,0.10000000000013642,28.600000000000364
2023-09-18,40.0,3818.0,3548.0,6058.0,11:25:00,13:20:00,11:25:00,11:45:00,18:05:00,21.362720848056536,5.84,0.09999999999990905,25.299999999999272
2023-09-19,23.7,4530.0,3756.0,7478.0,13:00:00,13:00:00,13:00:00,13:00:00,18:30:00,18.253958333333333,0.25,0.20000000000004547,12.300000000000182
2023-09-20,44.1,3960.0,3552.0,6368.0,11:40:00,13:15:00,10:35:00,11:45:00,01:55:00,18.31909090909091,0.0,0.09999999999990905,34.600000000000364
2023-09-21,28.8,4200.0,4137.0,6980.0,11:55:00,11:30:00,11:30:00,11:55:00,02:55:00,19.293217665615142,0.0,0.10000000000013642,19.099999999999454
2023-09-22,12.8,3005.0,2647.0,2126.0,14:55:00,11:00:00,11:00:00,14:50:00,17:30:00,17.240383275261323,1.78,0.09999999999990905,2.4000000000005457
2023-09-23,20.6,2994.0,3209.0,4473.0,13:45:00,13:45:00,10:30:00,13:45:00,06:05:00,13.587944250871079,0.25,1.6400000000001,6.399999999999636
2023-09-24,33.7,4435.0,3765.0,6571.0,11:25:00,13:30:00,11:25:00,13:45:00,06:30:00,12.5595818815331,0.0,2.1399999999998727,10.900000000000546
2023-09-25,31.7,4560.0,3702.0,7122.0,13:30:00,13:30:00,10:30:00,13:30:00,06:00:00,14.893449477351917,0.0,1.0800000000001546,20.799999999999272
2023-09-26,37.6,3503.0,3249.0,5791.0,12:00:00,13:50:00,11:15:00,12:05:00,09:25:00,18.710484429065744,0.0,0.09999999999990905,26.300000000000182
2023-09-27,37.8,3440.0,3496.0,6150.0,11:50:00,12:50:00,10:55:00,11:20:00,00:05:00,19.66914383561644,0.0,0.0,30.0
2023-09-28,41.2,3431.0,3419.0,5746.0,11:50:00,12:30:00,11:05:00,11:50:00,17:50:00,18.179616724738676,0.0,0.20000000000004547,28.100000000000364
2023-09-29,38.7,3451.0,3377.0,5845.0,12:00:00,13:00:00,10:55:00,12:00:00,17:35:00,17.931666666666665,0.0,0.09999999999990905,26.300000000000182
2023-09-30,28.9,3729.0,3549.0,6312.0,12:05:00,11:40:00,11:40:00,12:05:00,00:05:00,16.425486111111113,0.0,0.10000000000013642,17.899999999999636
2023-10-01,29.5,3668.0,3580.0,5113.0,13:05:00,13:05:00,11:40:00,12:30:00,07:20:00,13.483923611111111,0.0,0.20000000000004547,8.899999999999636
2023-10-02,34.7,3322.0,3362.0,5550.0,11:45:00,12:50:00,10:55:00,12:10:00,07:10:00,16.0646875,0.0,0.3999999999998636,22.300000000000182
2023-10-03,34.0,4126.0,3415.0,6748.0,13:05:00,13:05:00,11:10:00,13:05:00,00:05:00,19.015400696864113,1.78,0.0,21.5
2023-10-04,27.0,3641.0,3760.0,6549.0,10:55:00,13:25:00,10:55:00,10:55:00,21:55:00,13.274722222222222,0.0,0.10000000000013642,18.800000000000182
2023-10-05,31.6,4116.0,3845.0,7306.0,12:10:00,12:10:00,11:50:00,12:10:00,17:45:00,11.776550522648083,0.0,0.09999999999990905,20.600000000000364
2023-10-06,32.6,4171.0,3377.0,6806.0,13:05:00,13:05:00,11:10:00,13:05:00,17:45:00,13.51731707317073,0.0,0.09999999999990905,23.599999999999454
2023-10-07,19.7,3939.0,3862.0,2759.0,10:40:00,11:40:00,11:05:00,14:40:00,12:15:00,16.628938356164383,0.0,0.20000000000004547,3.699999999999818
2023-10-08,13.9,3602.0,2240.0,100.0,14:25:00,14:15:00,13:45:00,13:45:00,12:25:00,12.835965517241378,0.25,5.600000000000136,0.2000000000007276
2023-10-09,6.7,855.0,628.0,0.0,16:05:00,13:30:00,10:55:00,00:05:00,18:45:00,10.872103448275862,10.16,7.7999999999999545,0.1999999999998181
2023-10-10,12.8,2735.0,2844.0,2802.0,11:15:00,12:05:00,09:15:00,13:25:00,06:20:00,15.046167247386759,0.25,5.7000000000000455,3.800000000000182
2023-10-11,27.2,3156.0,2996.0,5721.0,12:15:00,12:15:00,12:15:00,12:15:00,17:50:00,16.554195804195803,0.25,0.09999999999990905,18.199999999999818
2023-10-12,13.3,1836.0,2063.0,2796.0,12:10:00,10:10:00,10:10:00,12:10:00,18:20:00,15.941003460207611,0.0,0.10000000000013642,4.800000000000182
2023-10-13,11.9,3267.0,1893.0,0.0,15:20:00,14:55:00,14:15:00,00:05:00,16:05:00,17.908854166666668,0.0,0.1999999999998181,0.1999999999998181
2023-10-14,12.1,2443.0,1856.0,0.0,10:25:00,13:20:00,13:25:00,00:05:00,13:00:00,15.005574912891987,1.02,0.20000000000004547,0.3000000000001819
2023-10-15,27.8,3900.0,3561.0,5847.0,12:00:00,13:40:00,11:10:00,13:40:00,07:40:00,8.581254355400697,0.0,5.3400000000001455,9.299999999999272
2023-10-16,29.1,4341.0,3829.0,6294.0,12:25:00,12:20:00,12:20:00,12:25:00,15:20:00,5.7526829268292685,0.0,0.1999999999998181,12.700000000000728
2023-10-17,25.8,3131.0,3429.0,5467.0,11:30:00,11:30:00,10:40:00,10:45:00,04:30:00,,,3.480000000000018,12.699999999999818
2023-10-18,30.0,3263.0,3220.0,5987.0,11:55:00,11:55:00,11:55:00,11:55:00,20:50:00,5.809929577464788,0.0,6.039999999999964,20.199999999999818
2023-10-19,8.2,2573.0,1751.0,0.0,19:00:00,13:50:00,13:50:00,08:30:00,19:50:00,8.185379310344828,1.52,13.599999999999909,0.1000000000003638
2023-10-20,8.5,1722.0,1184.0,105.0,19:15:00,14:05:00,14:05:00,15:55:00,06:50:00,13.336538461538462,0.0,8.519999999999982,0.1999999999998181
2023-10-21,28.5,2998.0,3063.0,5255.0,11:55:00,12:45:00,10:45:00,11:55:00,07:40:00,14.873910034602078,0.0,5.980000000000018,14.699999999999818
2023-10-22,17.7,3724.0,2890.0,253.0,14:10:00,13:10:00,13:10:00,13:55:00,19:10:00,12.774425087108014,18.8,10.8599999999999,0.1999999999998181
2023-10-23,28.5,2953.0,3082.0,5119.0,11:15:00,12:35:00,11:10:00,11:45:00,08:25:00,11.12965156794425,0.0,13.0,15.5
2023-10-24,6.9,1202.0,995.0,169.0,15:15:00,12:50:00,12:50:00,15:15:00,08:35:00,12.006968641114982,4.32,15.180000000000064,0.1000000000003638
2023-10-25,18.8,3956.0,3278.0,4437.0,14:00:00,13:00:00,11:00:00,13:35:00,08:25:00,12.161951219512195,0.76,8.579999999999927,6.5
2023-10-26,16.7,4404.0,4055.0,4358.0,14:25:00,12:55:00,11:15:00,13:50:00,08:35:00,12.22298611111111,1.52,8.740000000000009,3.0
2023-10-27,4.2,815.0,549.0,0.0,15:35:00,15:10:00,15:15:00,09:05:00,14:05:00,9.756111111111112,10.67,24.079999999999927,0.0
2023-10-28,15.3,4105.0,3459.0,4836.0,13:50:00,12:55:00,12:30:00,13:50:00,19:15:00,11.007534722222223,1.52,14.679999999999836,2.899999999999636
2023-10-29,19.8,3112.0,3530.0,2735.0,11:35:00,11:35:00,09:50:00,13:05:00,20:30:00,11.377147435897436,0.25,11.139999999999873,1.4000000000005457
2023-10-30,19.3,2756.0,3086.0,4506.0,11:55:00,11:55:00,09:50:00,11:55:00,08:15:00,12.346909722222222,0.0,9.980000000000018,6.199999999999818
2023-10-31,7.7,1459.0,1277.0,0.0,12:30:00,11:10:00,10:40:00,07:45:00,16:50:00,14.083037974683544,2.79,15.8599999999999,0.0999999999994543
2023-11-01,15.6,3796.0,3767.0,3459.0,15:20:00,11:00:00,11:00:00,12:00:00,05:30:00,,,7.740000000000009,3.300000000000182
2023-11-02,17.7,3305.0,3625.0,3906.0,12:10:00,10:25:00,10:25:00,12:00:00,05:45:00,9.738315789473685,2.79,9.040000000000191,3.0
2023-11-03,1.9,400.0,326.0,0.0,12:05:00,12:05:00,12:00:00,09:35:00,16:00:00,8.22459930313589,27.18,24.819999999999936,0.0
2023-11-04,24.2,2887.0,2986.0,3318.0,11:50:00,13:25:00,09:45:00,13:25:00,08:15:00,8.534494773519164,0.0,13.319999999999936,2.4000000000005457
2023-11-05,12.7,3481.0,3388.0,77.0,10:30:00,13:00:00,10:50:00,11:05:00,10:40:00,10.80420138888889,0.76,21.24000000000001,0.0999999999994543
2023-11-06,10.7,3894.0,3447.0,132.0,18:00:00,11:35:00,10:55:00,10:50:00,18:50:00,10.462891986062717,0.0,14.480000000000018,0.1000000000003638
2023-11-07,19.9,2921.0,2881.0,4996.0,11:35:00,11:35:00,09:55:00,11:35:00,05:45:00,9.967770034843205,0.0,11.519999999999982,5.0
2023-11-08,12.1,3474.0,2973.0,223.0,11:35:00,11:50:00,10:50:00,15:10:00,19:20:00,7.484982578397212,0.0,18.460000000000036,0.0999999999994543
2023-11-09,18.4,2543.0,2844.0,2554.0,15:15:00,12:30:00,10:00:00,11:50:00,18:45:00,6.380418118466899,0.0,16.700000000000045,2.300000000000182
2023-11-10,5.0,1083.0,1011.0,0.0,12:15:00,11:15:00,08:35:00,07:35:00,17:55:00,6.662961672473868,0.0,27.179999999999836,0.1000000000003638
2023-11-11,4.7,1749.0,1235.0,0.0,12:30:00,12:30:00,12:30:00,07:40:00,14:25:00,2.126951219512195,0.0,31.839999999999918,0.0
2023-11-12,12.9,3133.0,2724.0,140.0,11:40:00,12:20:00,11:15:00,12:15:00,08:55:00,,,29.539999999999964,0.0999999999994543
2023-11-13,6.5,1316.0,1066.0,0.0,11:00:00,11:00:00,11:00:00,07:45:00,13:20:00,5.541003460207612,7.37,28.5,0.0
2023-11-14,6.6,1682.0,1397.0,68.0,11:00:00,10:30:00,10:30:00,10:15:00,14:45:00,10.513771626297578,2.29,23.24000000000001,0.0
2023-11-15,6.2,2013.0,1492.0,88.0,10:55:00,12:30:00,12:30:00,13:10:00,08:45:00,8.740588235294119,14.73,23.559999999999945,0.0
2023-11-16,15.8,3238.0,2977.0,2973.0,18:10:00,12:50:00,09:50:00,13:20:00,08:25:00,7.386955017301037,0.25,15.680000000000064,1.4000000000005457
2023-11-17,7.2,1796.0,3100.0,0.0,10:55:00,09:30:00,09:30:00,07:10:00,13:40:00,4.869861591695502,0.76,28.220000000000027,0.0
2023-11-18,5.3,1064.0,867.0,0.0,11:15:00,11:15:00,11:15:00,14:35:00,12:20:00,3.5853003533568906,0.0,35.01999999999998,0.0
2023-11-19,5.5,2377.0,1378.0,0.0,13:45:00,13:45:00,11:50:00,11:50:00,15:25:00,4.2313058419243985,4.32,40.840000000000146,0.0
2023-11-20,5.7,2129.0,1910.0,52.0,14:30:00,11:00:00,11:00:00,11:00:00,11:50:00,9.557665505226481,4.32,24.90000000000009,0.0
2023-11-21,5.5,1749.0,924.0,0.0,13:35:00,13:30:00,13:30:00,07:50:00,20:30:00,7.032733564013841,0.76,25.819999999999936,0.0
2023-11-22,2.5,559.0,423.0,-646.0,13:10:00,13:10:00,13:10:00,01:30:00,11:40:00,0.8116608996539793,0.0,40.700000000000045,0.0
2023-11-23,3.7,594.0,489.0,0.0,10:15:00,10:15:00,10:15:00,15:00:00,08:45:00,4.605432525951557,0.0,31.200000000000045,0.0
2023-11-24,7.4,2774.0,2516.0,0.0,10:40:00,11:00:00,09:50:00,07:50:00,12:35:00,4.283402777777777,4.32,33.72000000000003,0.0
2023-11-25,5.8,1391.0,1262.0,-42.0,11:10:00,11:10:00,11:10:00,11:10:00,12:40:00,1.1639792387543253,2.79,43.09999999999991,0.0
2023-11-26,1.8,294.0,283.0,-729.0,14:10:00,14:05:00,09:25:00,04:20:00,15:20:00,-0.8107986111111111,0.0,61.940000000000055,0.0
2023-11-27,1.2,222.0,353.0,-728.0,13:05:00,13:05:00,13:05:00,05:30:00,16:40:00,0.9189504373177843,5.08,51.820000000000164,0.0
2023-11-28,1.7,366.0,334.0,-704.0,11:45:00,11:45:00,11:45:00,06:10:00,13:00:00,-0.11380622837370243,5.84,53.30000000000018,0.0
2023-11-29,1.0,230.0,517.0,-703.0,14:25:00,14:15:00,14:25:00,07:35:00,16:00:00,-1.7977430555555556,0.25,53.57999999999993,0.0
2023-11-30,6.3,1086.0,2135.0,62.0,12:30:00,13:25:00,12:30:00,12:15:00,08:55:00,0.018339100346020765,1.02,44.80000000000018,0.0
2023-12-01,1.1,194.0,253.0,-705.0,10:05:00,10:05:00,10:05:00,07:50:00,05:50:00,-1.3785069444444444,0.0,55.51999999999998,0.0
2023-12-02,0.5,77.0,176.0,-707.0,12:55:00,14:45:00,12:55:00,02:05:00,12:20:00,-2.143448275862069,0.0,62.40000000000009,0.0
2023-12-03,2.7,1223.0,801.0,-765.0,12:30:00,12:30:00,12:45:00,02:05:00,17:00:00,-3.1409375,0.0,56.48000000000002,0.0
2023-12-04,11.6,1902.0,2333.0,0.0,12:30:00,12:30:00,11:50:00,11:15:00,09:05:00,-4.899756944444444,0.25,54.13999999999987,0.0
2023-12-05,5.9,888.0,790.0,0.0,10:40:00,10:40:00,10:40:00,12:15:00,14:55:00,-0.9625342465753425,0.0,49.220000000000255,0.0
2023-12-06,5.2,1033.0,808.0,-685.0,11:35:00,11:30:00,11:35:00,13:10:00,09:40:00,-0.6158680555555556,0.0,53.5,0.0
2023-12-07,4.2,649.0,514.0,-608.0,12:05:00,12:05:00,12:05:00,11:55:00,03:15:00,0.5641811846689896,3.81,53.039999999999964,0.0
2023-12-08,8.5,1709.0,1731.0,0.0,11:40:00,11:30:00,11:40:00,11:30:00,18:20:00,-0.7563667820069204,0.76,45.47999999999956,0.0
2023-12-09,1.2,125.0,276.0,-693.0,11:50:00,13:45:00,11:50:00,04:55:00,15:40:00,0.7932986111111111,6.35,54.35999999999967,0.0
2023-12-10,4.2,913.0,1043.0,-425.0,11:20:00,11:20:00,10:35:00,11:20:00,05:20:00,2.73439446366782,7.37,48.940000000000055,0.0
2023-12-11,5.9,1923.0,2020.0,0.0,12:40:00,12:40:00,12:40:00,09:40:00,12:15:00,7.002125435540069,1.78,32.7800000000002,0.0999999999994543
2023-12-12,10.2,1975.0,1902.0,0.0,12:40:00,13:35:00,12:00:00,10:05:00,17:00:00,7.146550522648083,0.25,25.639999999999873,0.0
2023-12-13,3.3,796.0,721.0,0.0,11:25:00,11:25:00,11:25:00,13:00:00,08:40:00,5.988954703832753,5.59,29.779999999999745,0.0
2023-12-14,2.8,973.0,748.0,0.0,11:10:00,11:10:00,11:10:00,11:50:00,12:20:00,5.4470833333333335,0.0,34.720000000000255,0.0
2023-12-15,5.0,1963.0,2091.0,58.0,12:10:00,13:30:00,12:10:00,12:15:00,08:45:00,3.765923344947735,0.0,32.13999999999987,0.0
2023-12-16,6.8,1752.0,1558.0,0.0,09:25:00,13:25:00,09:45:00,09:25:00,10:30:00,5.3708362369337985,0.0,35.66000000000031,0.0
2023-12-17,11.8,1446.0,1690.0,127.0,13:55:00,11:25:00,12:00:00,11:40:00,15:55:00,3.627665505226481,0.0,31.340000000000146,0.1000000000003638
2023-12-18,11.8,1592.0,1837.0,0.0,14:35:00,11:30:00,12:05:00,09:55:00,03:05:00,0.42133802816901406,0.0,34.159999999999854,0.0
2023-12-19,11.2,2133.0,2561.0,0.0,14:10:00,12:00:00,12:00:00,10:30:00,08:40:00,,,28.7800000000002,0.0
2023-12-20,4.9,1601.0,1316.0,0.0,14:35:00,13:45:00,12:55:00,12:55:00,16:05:00,5.310940766550523,3.81,35.2800000000002,0.0
2023-12-21,1.0,204.0,225.0,-282.0,10:35:00,10:35:00,10:35:00,12:10:00,12:45:00,6.382708333333333,7.87,38.19999999999982,0.0
2023-12-22,5.8,1755.0,1522.0,0.0,12:05:00,11:05:00,12:05:00,10:00:00,08:40:00,2.7356445993031357,4.57,38.91999999999962,0.0
2023-12-23,0.7,109.0,119.0,-705.0,11:25:00,11:30:00,11:30:00,06:20:00,14:50:00,0.972326388888889,14.73,54.81999999999971,0.0
2023-12-24,3.5,992.0,795.0,0.0,12:30:00,12:00:00,12:00:00,11:45:00,03:30:00,7.500381944444445,14.99,35.51999999999998,0.1000000000003638
2023-12-25,2.4,650.0,461.0,0.0,11:40:00,11:40:00,11:40:00,10:40:00,09:00:00,11.041114982578398,0.0,29.11999999999989,0.0
2023-12-26,5.1,1756.0,1460.0,0.0,11:55:00,11:10:00,11:10:00,10:55:00,17:25:00,9.817003484320557,0.0,27.179999999999836,0.0
2023-12-27,12.4,1785.0,1810.0,0.0,13:55:00,13:35:00,12:00:00,09:40:00,16:50:00,4.438189655172414,0.0,26.23999999999978,0.0
2023-12-28,4.9,871.0,892.0,0.0,08:50:00,10:25:00,08:55:00,08:55:00,09:25:00,,,35.0,0.0
2023-12-29,9.9,1703.0,1659.0,0.0,10:55:00,11:45:00,11:45:00,09:40:00,19:30:00,9.068989547038328,0.0,24.879999999999654,0.0999999999994543
2023-12-30,9.1,1624.0,1594.0,0.0,14:50:00,11:30:00,10:05:00,09:55:00,16:20:00,8.165520833333334,0.0,25.679999999999836,0.1000000000003638
2023-12-31,9.1,1651.0,1585.0,350.0,12:00:00,11:20:00,10:00:00,14:00:00,09:30:00,1.462125,0.0,34.30000000000018,0.0
2024-01-01,7.2,2282.0,2581.0,0.0,12:05:00,12:05:00,12:05:00,10:05:00,14:10:00,,,29.23999999999978,0.0999999999994543
2024-01-02,1.8,309.0,235.0,0.0,11:25:00,12:55:00,11:25:00,11:40:00,12:25:00,5.107465277777778,13.46,39.559999999999945,0.0
2024-01-03,3.8,899.0,825.0,0.0,10:40:00,10:20:00,10:20:00,10:00:00,15:15:00,9.512777777777778,5.59,32.11999999999989,0.0
2024-01-04,5.6,2622.0,2467.0,0.0,13:05:00,11:35:00,11:35:00,10:25:00,13:55:00,7.773728222996516,10.67,26.200000000000273,0.0
2024-01-05,8.7,1810.0,2056.0,0.0,11:20:00,12:10:00,12:10:00,10:20:00,08:25:00,3.9379861111111114,0.25,32.11999999999989,0.1000000000003638
2024-01-06,2.7,609.0,495.0,-246.0,10:05:00,10:05:00,10:05:00,14:20:00,09:15:00,3.375714285714286,1.52,38.88000000000011,0.0
2024-01-07,1.4,188.0,215.0,-728.0,13:35:00,13:35:00,13:45:00,22:10:00,16:25:00,-1.625191637630662,0.0,50.679999999999836,0.0
2024-01-08,3.1,877.0,852.0,-728.0,12:35:00,14:00:00,12:35:00,07:25:00,08:20:00,-5.622847222222223,0.0,58.58000000000038,0.0
2024-01-09,13.6,1777.0,2117.0,0.0,12:30:00,13:50:00,12:10:00,11:35:00,15:30:00,-9.189097222222223,0.0,64.0,0.0
2024-01-10,15.9,2088.0,2247.0,0.0,14:05:00,11:35:00,10:05:00,11:30:00,08:45:00,-7.110905923344948,0.0,53.42000000000007,0.0
2024-01-11,11.5,2387.0,1877.0,0.0,12:25:00,13:20:00,11:55:00,10:10:00,14:35:00,-5.995923344947735,0.0,60.63999999999987,0.0
2024-01-12,2.7,483.0,416.0,-732.0,11:15:00,11:15:00,11:15:00,07:40:00,16:55:00,-1.5490657439446367,0.0,58.58000000000038,0.0
2024-01-13,2.3,581.0,407.0,-713.0,14:05:00,14:05:00,14:05:00,06:35:00,09:35:00,-0.04529616724738676,0.0,54.81999999999971,0.0
2024-01-14,9.6,2381.0,2231.0,329.0,11:45:00,11:35:00,11:40:00,11:35:00,13:55:00,0.741602787456446,0.0,47.30000000000018,0.1000000000003638
2024-01-15,5.9,1409.0,902.0,-500.0,13:40:00,13:40:00,13:40:00,13:40:00,08:45:00,0.3212152777777778,0.0,50.97999999999956,0.0
2024-01-16,7.8,1406.0,1880.0,-416.0,12:00:00,12:00:00,10:45:00,13:25:00,19:25:00,-0.1507665505226481,0.25,46.5,0.0
2024-01-17,6.3,880.0,672.0,-247.0,12:35:00,12:35:00,12:35:00,11:15:00,16:50:00,-3.1629965156794424,0.0,58.42000000000007,0.0
2024-01-18,2.2,704.0,572.0,-716.0,11:05:00,11:05:00,11:05:00,05:55:00,11:00:00,-0.05435087719298244,3.56,59.51999999999953,0.0
2024-01-19,6.5,1962.0,1387.0,0.0,13:55:00,13:45:00,12:10:00,13:45:00,08:55:00,-2.7214186851211073,1.02,56.86000000000058,0.0
2024-01-20,20.3,2508.0,2678.0,175.0,11:45:00,11:50:00,10:10:00,12:00:00,16:40:00,-4.3863414634146345,0.25,44.399999999999636,0.0999999999994543
2024-01-21,16.9,2507.0,2770.0,0.0,11:50:00,11:30:00,10:15:00,10:20:00,09:25:00,-5.768166089965398,0.0,48.960000000000036,0.0
2024-01-22,5.5,1178.0,1356.0,0.0,09:35:00,09:35:00,09:35:00,10:05:00,13:15:00,1.6065156794425086,3.81,49.02000000000044,0.0
2024-01-23,4.4,2377.0,2404.0,0.0,09:50:00,10:55:00,09:50:00,09:50:00,08:30:00,5.034738675958188,1.02,40.039999999999964,0.0
2024-01-24,7.8,3123.0,2426.0,57.0,15:10:00,12:45:00,12:45:00,12:55:00,08:40:00,8.515625,1.52,30.079999999999927,0.0
2024-01-25,5.8,2831.0,2110.0,0.0,14:10:00,12:55:00,12:55:00,09:35:00,19:50:00,7.54156794425087,0.0,33.460000000000036,0.0
2024-01-26,5.0,902.0,713.0,-133.0,11:10:00,11:10:00,11:10:00,15:05:00,08:35:00,4.5841114982578395,3.56,33.38000000000011,0.0
2024-01-27,5.1,730.0,599.0,0.0,11:00:00,11:00:00,11:00:00,12:25:00,12:50:00,3.6746180555555554,0.0,40.11999999999989,0.0
2024-01-28,22.5,2646.0,2841.0,2113.0,11:00:00,12:30:00,10:25:00,14:10:00,09:25:00,0.2137282229965157,0.0,28.219999999999345,2.0
2024-01-29,22.9,2659.0,2907.0,4444.0,12:15:00,12:15:00,10:20:00,12:15:00,19:55:00,1.6114532871972318,0.25,28.44000000000051,5.400000000000546
2024-01-30,18.4,3241.0,2836.0,44.0,13:40:00,12:05:00,12:05:00,11:25:00,16:45:00,,,33.81999999999971,0.0999999999994543
2024-01-31,4.9,1677.0,1274.0,0.0,13:20:00,12:00:00,12:00:00,12:00:00,19:35:00,1.2077003484320559,0.76,43.70000000000073,0.0
2024-02-01,5.1,1248.0,992.0,-187.0,12:50:00,13:40:00,12:30:00,13:40:00,07:35:00,4.039825783972126,2.79,41.63999999999942,0.0
2024-02-02,7.9,1170.0,1097.0,0.0,10:30:00,10:30:00,10:30:00,10:25:00,17:05:00,5.1485365853658545,0.0,39.52000000000044,0.0
2024-02-03,5.9,1501.0,1203.0,0.0,12:10:00,12:00:00,11:55:00,11:55:00,12:15:00,8.542222222222222,0.0,31.979999999999563,0.0
2024-02-04,7.4,1734.0,2592.0,41.0,13:00:00,09:45:00,09:45:00,12:40:00,11:05:00,8.737491289198605,11.94,30.920000000000073,0.0
2024-02-05,13.5,3140.0,2812.0,1959.0,13:10:00,12:10:00,12:05:00,14:30:00,08:40:00,10.595104166666665,0.25,16.94000000000051,0.8000000000001819
2024-02-06,4.6,766.0,558.0,0.0,11:40:00,11:55:00,11:55:00,11:15:00,10:35:00,8.325400696864111,0.0,42.539999999999964,0.0
2024-02-07,6.2,3458.0,2706.0,0.0,13:05:00,12:30:00,12:30:00,10:15:00,19:50:00,6.515659722222222,4.57,29.220000000000255,0.0
2024-02-08,5.4,1227.0,972.0,0.0,10:25:00,10:25:00,10:25:00,09:55:00,14:00:00,2.5488850174216027,9.4,41.399999999999636,0.0
2024-02-09,4.0,723.0,519.0,-219.0,13:15:00,13:15:00,13:15:00,15:05:00,08:50:00,8.415694444444444,7.87,31.23999999999978,0.0
2024-02-10,19.0,3812.0,3534.0,285.0,11:20:00,11:45:00,11:45:00,10:40:00,08:25:00,8.905296167247387,1.02,18.960000000000036,0.1000000000003638
2024-02-11,3.3,619.0,418.0,0.0,12:35:00,13:15:00,13:15:00,10:05:00,17:05:00,8.840522648083624,8.64,32.159999999999854,0.0
2024-02-12,11.6,3168.0,2919.0,80.0,14:50:00,14:05:00,10:55:00,10:55:00,15:35:00,7.743170731707317,7.37,27.400000000000546,0.0999999999994543
2024-02-13,19.4,4083.0,3728.0,155.0,16:50:00,12:00:00,10:40:00,12:25:00,18:50:00,4.684668989547038,0.0,20.859999999999673,0.1000000000003638
2024-02-14,14.4,3483.0,3811.0,97.0,12:10:00,10:35:00,10:35:00,12:10:00,16:35:00,5.160104166666667,0.0,25.920000000000073,0.0999999999994543
2024-02-15,5.9,1334.0,1135.0,0.0,12:50:00,12:20:00,12:20:00,10:00:00,16:45:00,8.956527777777778,0.25,30.300000000000182,0.0
2024-02-16,23.7,3334.0,3283.0,5155.0,13:25:00,13:20:00,10:25:00,12:05:00,13:25:00,8.547456445993031,0.0,17.26000000000022,2.5
2024-02-17,11.6,4027.0,3777.0,62.0,11:30:00,11:25:00,11:25:00,10:20:00,09:20:00,9.079477351916376,5.08,19.0,0.0
2024-02-18,26.5,3709.0,3802.0,5997.0,14:20:00,13:15:00,09:55:00,12:00:00,18:10:00,6.1200699300699295,0.0,20.23999999999978,6.700000000000728
2024-02-19,8.4,2748.0,3562.0,0.0,13:50:00,10:15:00,10:15:00,07:40:00,16:20:00,7.9886759581881535,7.11,23.579999999999927,0.0
2024-02-20,11.4,3100.0,3648.0,104.0,08:40:00,14:15:00,09:10:00,12:30:00,18:40:00,7.740590277777778,1.78,22.599999999999454,0.0999999999994543
2024-02-21,12.2,2982.0,2489.0,0.0,17:50:00,12:30:00,11:55:00,08:00:00,19:25:00,7.707881944444444,0.0,19.26000000000022,0.1000000000003638
2024-02-22,6.1,1768.0,956.0,0.0,13:55:00,14:15:00,14:15:00,11:50:00,20:15:00,8.820868055555556,3.56,28.039999999999964,0.0
2024-02-23,8.6,1758.0,1252.0,0.0,15:00:00,15:05:00,12:00:00,10:00:00,18:10:00,8.78704861111111,5.08,24.480000000000473,0.0
2024-02-24,35.0,3737.0,3511.0,5282.0,11:25:00,12:20:00,10:15:00,12:15:00,20:40:00,6.3763917525773195,3.05,13.05999999999949,11.0
2024-02-25,11.9,2054.0,1610.0,0.0,13:25:00,12:35:00,12:35:00,07:30:00,14:00:00,4.217222222222222,0.0,28.44000000000051,0.0999999999994543
2024-02-26,10.2,2531.0,2629.0,0.0,14:45:00,10:25:00,10:25:00,09:40:00,01:20:00,4.449965156794425,0.0,28.159999999999854,0.0
2024-02-27,10.2,1960.0,1407.0,0.0,12:55:00,13:35:00,13:35:00,11:15:00,17:50:00,3.2026480836236932,0.0,28.779999999999745,0.0
2024-02-28,4.5,1105.0,831.0,0.0,10:10:00,10:05:00,10:05:00,10:05:00,19:00:00,5.699756944444444,2.79,29.080000000000837,0.0
2024-02-29,7.1,858.0,643.0,0.0,13:50:00,12:30:00,12:30:00,08:05:00,17:30:00,5.363449477351916,0.0,30.899999999999636,0.0
2024-03-01,13.3,2158.0,1219.0,0.0,18:15:00,14:15:00,14:15:00,07:20:00,19:10:00,9.910243902439026,0.76,14.680000000000291,0.1000000000003638
2024-03-02,17.0,2122.0,1976.0,60.0,10:55:00,13:00:00,10:15:00,12:35:00,12:20:00,9.754564459930313,0.0,16.800000000000182,0.1000000000003638
2024-03-03,14.1,4234.0,2754.0,135.0,13:05:00,13:20:00,13:20:00,14:20:00,11:05:00,10.44111111111111,0.0,23.579999999999927,0.0
2024-03-04,17.8,4094.0,2982.0,2000.0,15:35:00,12:50:00,12:50:00,15:05:00,19:25:00,6.5061672473867596,0.0,15.739999999999782,0.6999999999998181
2024-03-05,8.0,1451.0,1158.0,0.0,12:25:00,11:45:00,11:45:00,11:25:00,18:40:00,6.446262975778547,0.0,25.18000000000029,0.0999999999994543
2024-03-06,17.7,4188.0,3604.0,5006.0,12:40:00,12:35:00,10:55:00,12:40:00,21:25:00,6.677881944444445,0.0,16.460000000000036,4.200000000000728
2024-03-07,15.1,2564.0,1528.0,171.0,12:45:00,14:50:00,12:45:00,13:20:00,19:10:00,4.490418006430868,0.0,19.31999999999971,0.0999999999994543
2024-03-08,34.4,4262.0,4284.0,6528.0,10:50:00,13:30:00,10:50:00,10:40:00,05:15:00,4.393937282229965,0.0,17.18000000000029,16.400000000000546
2024-03-09,7.4,1990.0,770.0,0.0,13:30:00,15:15:00,14:15:00,12:45:00,08:45:00,6.437421602787456,0.0,33.840000000000146,0.0
2024-03-10,12.3,1823.0,1409.0,58.0,12:50:00,12:10:00,12:10:00,11:50:00,08:20:00,10.237881944444446,0.0,23.159999999999854,0.0
2024-03-11,32.8,3986.0,3690.0,6938.0,11:40:00,11:40:00,11:40:00,11:40:00,20:00:00,11.55642361111111,0.0,10.700000000000728,16.899999999999636
2024-03-12,11.6,1719.0,1269.0,0.0,15:45:00,12:30:00,12:30:00,07:40:00,08:25:00,10.18484429065744,0.0,17.019999999999527,0.1000000000003638
2024-03-13,34.4,4044.0,3688.0,6777.0,11:35:00,12:10:00,09:45:00,11:35:00,21:00:00,8.634409722222223,0.0,11.140000000000327,19.299999999999272
2024-03-14,25.0,4373.0,4185.0,7342.0,12:10:00,12:10:00,09:20:00,12:10:00,07:00:00,8.282648083623693,0.0,11.199999999999818,6.5
2024-03-15,29.9,3130.0,3081.0,5407.0,10:20:00,13:55:00,10:00:00,10:20:00,00:55:00,12.761180555555555,0.0,5.940000000000509,14.5
2024-03-16,23.2,4642.0,4781.0,6435.0,13:50:00,12:35:00,09:40:00,13:50:00,08:50:00,10.960208333333334,1.52,9.0,7.5
2024-03-17,34.3,4625.0,4478.0,6549.0,12:15:00,11:50:00,10:00:00,09:35:00,20:45:00,5.472048611111111,0.0,11.600000000000364,6.0
2024-03-18,44.9,4129.0,4122.0,7010.0,11:00:00,13:00:00,11:00:00,10:30:00,05:35:00,3.30660777385159,0.0,13.38000000000011,28.300000000000182
2024-03-19,47.8,4024.0,3907.0,6680.0,10:45:00,11:50:00,10:45:00,10:00:00,19:55:00,3.2607291666666667,0.0,15.199999999999818,30.300000000000182
2024-03-20,42.8,3762.0,3727.0,6250.0,10:45:00,12:00:00,09:20:00,12:00:00,20:40:00,6.544494773519164,0.0,11.520000000000437,26.699999999999818
2024-03-21,25.4,3512.0,3312.0,6046.0,11:50:00,11:50:00,11:05:00,11:50:00,05:30:00,10.572569444444445,0.0,10.720000000000255,11.699999999999818
2024-03-22,31.5,4138.0,4353.0,6816.0,11:15:00,11:15:00,09:50:00,09:50:00,01:50:00,11.935463917525773,0.0,6.4399999999996,15.0
2024-03-23,20.6,4212.0,4256.0,202.0,09:45:00,10:25:00,10:25:00,09:45:00,18:40:00,9.869270833333333,1.02,14.020000000000437,0.1000000000003638
2024-03-24,30.8,5983.0,4780.0,6042.0,12:40:00,12:10:00,12:10:00,12:40:00,04:40:00,5.359757785467128,0.76,11.079999999999927,4.800000000000182
2024-03-25,23.7,5577.0,5234.0,6152.0,15:00:00,11:45:00,09:10:00,14:15:00,05:35:00,5.834947735191637,0.76,13.5,3.0
2024-03-26,49.1,4349.0,4101.0,7393.0,10:50:00,13:35:00,10:30:00,10:40:00,00:50:00,8.556493055555556,0.0,10.199999999999818,33.0
2024-03-27,33.2,4222.0,2816.0,6253.0,13:10:00,13:10:00,09:00:00,13:10:00,05:30:00,13.343031358885018,0.0,6.860000000000582,15.800000000000182
2024-03-28,37.9,4388.0,4420.0,7471.0,10:40:00,10:40:00,09:55:00,10:55:00,19:55:00,11.001418685121108,10.67,11.419999999999163,21.699999999999818
2024-03-29,41.3,4556.0,4530.0,8108.0,11:00:00,12:30:00,10:20:00,11:00:00,02:40:00,12.410940766550523,0.0,8.159999999999854,25.899999999999636
2024-03-30,31.5,3972.0,3384.0,6416.0,12:30:00,12:30:00,11:10:00,12:30:00,04:55:00,15.799233449477352,0.0,5.239999999999782,15.199999999999818
2024-03-31,30.1,3892.0,3338.0,5556.0,11:20:00,14:40:00,11:20:00,11:25:00,05:45:00,,,4.1599999999998545,6.600000000000364
2024-04-01,27.5,4178.0,4138.0,4706.0,11:25:00,11:40:00,10:35:00,12:45:00,09:45:00,14.67486111111111,1.78,3.480000000000473,4.699999999999818
2024-04-02,35.8,5535.0,4733.0,8607.0,12:25:00,13:55:00,12:25:00,13:55:00,03:45:00,11.508373702422146,0.0,6.319999999999709,20.400000000000546
2024-04-03,31.3,4825.0,4145.0,7756.0,12:25:00,12:25:00,12:25:00,12:00:00,05:30:00,11.640731707317073,0.0,3.899999999999636,14.5
2024-04-04,30.4,5417.0,4609.0,9009.0,13:05:00,13:05:00,11:50:00,13:05:00,20:40:00,12.845574912891985,0.76,9.539999999999964,18.599999999999454
2024-04-05,28.9,4248.0,3812.0,6468.0,10:35:00,15:25:00,10:35:00,10:35:00,05:35:00,14.367465277777777,0.0,6.039999999999964,17.699999999999818
2024-04-06,35.0,4427.0,4061.0,7734.0,12:15:00,12:15:00,12:15:00,12:15:00,04:30:00,18.792473867595817,0.0,2.5599999999994907,18.0
2024-04-07,48.5,4124.0,3856.0,7227.0,11:45:00,12:40:00,11:45:00,11:45:00,05:35:00,18.833797909407664,0.0,2.680000000000291,31.900000000000546
2024-04-08,38.5,4021.0,3481.0,6307.0,12:55:00,12:55:00,11:25:00,11:25:00,05:10:00,20.1178125,0.0,2.4200000000000728,24.399999999999636
2024-04-09,42.8,3736.0,3368.0,6194.0,12:45:00,12:50:00,11:05:00,12:15:00,06:15:00,19.671180555555555,0.0,0.4000000000005457,31.600000000000364
2024-04-10,17.6,3509.0,1851.0,4721.0,15:25:00,15:25:00,15:25:00,15:25:00,05:40:00,10.766202090592335,0.0,3.9200000000000728,4.199999999999818
2024-04-11,50.2,4075.0,3702.0,6831.0,12:30:00,13:10:00,11:05:00,12:05:00,06:20:00,10.889965277777778,0.0,3.9200000000000728,37.69999999999982
2024-04-12,49.4,4150.0,3904.0,7284.0,12:00:00,12:00:00,12:00:00,12:00:00,05:30:00,13.491006944444443,0.0,2.5799999999999272,32.80000000000018
2024-04-13,43.9,4617.0,4024.0,7504.0,12:50:00,12:50:00,11:25:00,12:50:00,04:40:00,15.565296167247386,0.0,3.319999999999709,25.800000000000182
2024-04-14,41.0,3994.0,3288.0,6315.0,12:45:00,13:50:00,11:45:00,12:45:00,05:15:00,17.2909756097561,0.0,1.5600000000004002,23.300000000000182
2024-04-15,25.0,4764.0,4331.0,5474.0,13:45:00,11:40:00,11:40:00,13:45:00,08:25:00,12.455052264808362,3.56,3.3599999999996726,12.5
2024-04-16,42.7,5317.0,4948.0,9012.0,11:15:00,13:00:00,10:15:00,13:00:00,09:30:00,8.663275862068966,1.78,0.1000000000003638,31.599999999999454
