,update time,PV1 voltage (V),PV1 current (A),PV1 input power(W),PV2 voltage (V),PV2 current (A),PV2 input power(W),AC current R(A),AC voltage R(V),AC current S(A),AC voltage S(V),AC current T(A),AC voltage T(V),output power(W),feed-in power(W),daily yield(kWh),total yield(kWh),feed-in energy(kWh),consume energy(kWh),EPS active power R(W),EPS active power S(W),EPS active power T(W),EPS apparent power R(VA),EPS apparent power S(VA),EPS apparent power T(VA),Inverter Status,Battery operating status,timestamp,rounded_timestamp
0,2023-03-16 00:01:42,0,0,0,0,0,0,0,0,0,0,0,0,0,-812,0,"425,7","0,9","663,22",0,0,0,0,0,0,IdleMode,Normal,2023-03-16 00:01:42,2023-03-16 00:00:00
1,2023-03-16 00:06:42,0,0,0,0,0,0,0,0,0,0,0,0,0,-805,0,"425,7","0,9","663,27",0,0,0,0,0,0,IdleMode,Normal,2023-03-16 00:06:42,2023-03-16 00:05:00
2,2023-03-16 00:11:42,0,0,0,0,0,0,0,0,0,0,0,0,0,-809,0,"425,7","0,9","663,33",0,0,0,0,0,0,IdleMode,Normal,2023-03-16 00:11:42,2023-03-16 00:10:00
3,2023-03-16 00:16:42,0,0,0,0,0,0,0,0,0,0,0,0,0,-801,0,"425,7","0,9","663,39",0,0,0,0,0,0,IdleMode,Normal,2023-03-16 00:16:42,2023-03-16 00:15:00
4,2023-03-16 00:21:42,0,0,0,0,0,0,0,0,0,0,0,0,0,-807,0,"425,7","0,9","663,45",0,0,0,0,0,0,IdleMode,Normal,2023-03-16 00:21:42,2023-03-16 00:20:00
5,2023-03-16 00:26:42,0,0,0,0,0,0,0,0,0,0,0,0,0,-805,0,"425,7","0,9","663,51",0,0,0,0,0,0,IdleMode,Normal,2023-03-16 00:26:42,2023-03-16 00:25:00
6,2023-03-16 00:31:42,0,0,0,0,0,0,0,0,0,0,0,0,0,-1973,0,"425,7","0,9","663,61",0,0,0,0,0,0,IdleMode,Normal,2023-03-16 00:31:42,2023-03-16 00:30:00
7,2023-03-16 00:36:42,0,0,0,0,0,0,0,0,0,0,0,0,0,-2113,0,"425,7","0,9","663,79",0,0,0,0,0,0,IdleMode,Normal,2023-03-16 00:36:42,2023-03-16 00:35:00
8,2023-03-16 00:41:43,0,0,0,0,0,0,0,0,0,0,0,0,0,-2121,0,"425,7","0,9","663,96",0,0,0,0,0,0,IdleMode,Normal,2023-03-16 00:41:43,2023-03-16 00:40:00
9,2023-03-16 00:46:43,0,0,0,0,0,0,0,0,0,0,0,0,0,-2163,0,"425,7","0,9","664,14",0,0,0,0,0,0,IdleMode,Normal,2023-03-16 00:46:43,2023-03-16 00:45:00
10,2023-03-16 00:51:43,0,0,0,0,0,0,0,0,0,0,0,0,0,-2043,0,"425,7","0,9","664,31",0,0,0,0,0,0,IdleMode,Normal,2023-03-16 00:51:43,2023-03-16 00:50:00
11,2023-03-16 00:56:43,0,0,0,0,0,0,0,0,0,0,0,0,0,-1216,0,"425,7","0,9","664,48",0,0,0,0,0,0,IdleMode,Normal,2023-03-16 00:56:43,2023-03-16 00:55:00
12,2023-03-16 01:01:43,0,0,0,0,0,0,0,0,0,0,0,0,0,-2362,0,"425,7","0,9","664,61",0,0,0,0,0,0,IdleMode,Normal,2023-03-16 01:01:43,2023-03-16 01:00:00
13,2023-03-16 01:06:43,0,0,0,0,0,0,0,0,0,0,0,0,0,-1842,0,"425,7","0,9","664,77",0,0,0,0,0,0,IdleMode,Normal,2023-03-16 01:06:43,2023-03-16 01:05:00
14,2023-03-16 01:11:43,0,0,0,0,0,0,0,0,0,0,0,0,0,-1893,0,"425,7","0,9","664,95",0,0,0,0,0,0,IdleMode,Normal,2023-03-16 01:11:43,2023-03-16 01:10:00
15,2023-03-16 01:16:43,0,0,0,0,0,0,0,0,0,0,0,0,0,-1922,0,"425,7","0,9","665,12",0,0,0,0,0,0,IdleMode,Normal,2023-03-16 01:16:43,2023-03-16 01:15:00
16,2023-03-16 01:21:43,0,0,0,0,0,0,0,0,0,0,0,0,0,-1972,0,"425,7","0,9","665,3",0,0,0,0,0,0,IdleMode,Normal,2023-03-16 01:21:43,2023-03-16 01:20:00
17,2023-03-16 01:26:43,0,0,0,0,0,0,0,0,0,0,0,0,0,-1812,0,"425,7","0,9","665,48",0,0,0,0,0,0,IdleMode,Normal,2023-03-16 01:26:43,2023-03-16 01:25:00
18,2023-03-16 01:31:43,0,0,0,0,0,0,0,0,0,0,0,0,0,-1754,0,"425,7","0,9","665,64",0,0,0,0,0,0,IdleMode,Normal,2023-03-16 01:31:43,2023-03-16 01:30:00
19,2023-03-16 01:36:43,0,0,0,0,0,0,0,0,0,0,0,0,0,-1776,0,"425,7","0,9","665,77",0,0,0,0,0,0,IdleMode,Normal,2023-03-16 01:36:43,2023-03-16 01:35:00
20,2023-03-16 01:41:43,0,0,0,0,0,0,0,0,0,0,0,0,0,-1639,0,"425,7","0,9","665,89",0,0,0,0,0,0,IdleMode,Normal,2023-03-16 01:41:43,2023-03-16 01:40:00
21,2023-03-16 01:46:43,0,0,0,0,0,0,0,0,0,0,0,0,0,-1459,0,"425,7","0,9",666,0,0,0,0,0,0,IdleMode,Normal,2023-03-16 01:46:43,2023-03-16 01:45:00
22,2023-03-16 01:51:43,0,0,0,0,0,0,0,0,0,0,0,0,0,-1460,0,"425,7","0,9","666,12",0,0,0,0,0,0,IdleMode,Normal,2023-03-16 01:51:43,2023-03-16 01:50:00
23,2023-03-16 01:56:43,0,0,0,0,0,0,0,0,0,0,0,0,0,-1507,0,"425,7","0,9","666,24",0,0,0,0,0,0,IdleMode,Normal,2023-03-16 01:56:43,2023-03-16 01:55:00
24,2023-03-16 02:01:43,0,0,0,0,0,0,0,0,0,0,0,0,0,-1543,0,"425,7","0,9","666,36",0,0,0,0,0,0,IdleMode,Normal,2023-03-16 02:01:43,2023-03-16 02:00:00
25,2023-03-16 02:06:43,0,0,0,0,0,0,0,0,0,0,0,0,0,-1546,0,"425,7","0,9","666,47",0,0,0,0,0,0,IdleMode,Normal,2023-03-16 02:06:43,2023-03-16 02:05:00
26,2023-03-16 02:11:43,0,0,0,0,0,0,0,0,0,0,0,0,0,-1553,0,"425,7","0,9","666,59",0,0,0,0,0,0,IdleMode,Normal,2023-03-16 02:11:43,2023-03-16 02:10:00
27,2023-03-16 02:16:43,0,0,0,0,0,0,0,0,0,0,0,0,0,-1546,0,"425,7","0,9","666,71",0,0,0,0,0,0,IdleMode,Normal,2023-03-16 02:16:43,2023-03-16 02:15:00
28,2023-03-16 02:21:43,0,0,0,0,0,0,0,0,0,0,0,0,0,-1528,0,"425,7","0,9","666,83",0,0,0,0,0,0,IdleMode,Normal,2023-03-16 02:21:43,2023-03-16 02:20:00
29,2023-03-16 02:26:44,0,0,0,0,0,0,0,0,0,0,0,0,0,-1528,0,"425,7","0,9","666,94",0,0,0,0,0,0,IdleMode,Normal,2023-03-16 02:26:44,2023-03-16 02:25:00
30,2023-03-16 02:31:44,0,0,0,0,0,0,0,0,0,0,0,0,0,-1450,0,"425,7","0,9","667,06",0,0,0,0,0,0,IdleMode,Normal,2023-03-16 02:31:44,2023-03-16 02:30:00
31,2023-03-16 02:36:44,0,0,0,0,0,0,0,0,0,0,0,0,0,-1455,0,"425,7","0,9","667,18",0,0,0,0,0,0,IdleMode,Normal,2023-03-16 02:36:44,2023-03-16 02:35:00
32,2023-03-16 02:41:44,0,0,0,0,0,0,0,0,0,0,0,0,0,-1479,0,"425,7","0,9","667,3",0,0,0,0,0,0,IdleMode,Normal,2023-03-16 02:41:44,2023-03-16 02:40:00
33,2023-03-16 02:46:44,0,0,0,0,0,0,0,0,0,0,0,0,0,-1475,0,"425,7","0,9","667,41",0,0,0,0,0,0,IdleMode,Normal,2023-03-16 02:46:44,2023-03-16 02:45:00
34,2023-03-16 02:51:44,0,0,0,0,0,0,0,0,0,0,0,0,0,-1486,0,"425,7","0,9","667,53",0,0,0,0,0,0,IdleMode,Normal,2023-03-16 02:51:44,2023-03-16 02:50:00
35,2023-03-16 02:56:44,0,0,0,0,0,0,0,0,0,0,0,0,0,-1499,0,"425,7","0,9","667,65",0,0,0,0,0,0,IdleMode,Normal,2023-03-16 02:56:44,2023-03-16 02:55:00
36,2023-03-16 03:01:44,0,0,0,0,0,0,0,0,0,0,0,0,0,-1530,0,"425,7","0,9","667,76",0,0,0,0,0,0,IdleMode,Normal,2023-03-16 03:01:44,2023-03-16 03:00:00
37,2023-03-16 03:06:44,0,0,0,0,0,0,0,0,0,0,0,0,0,-1525,0,"425,7","0,9","667,88",0,0,0,0,0,0,IdleMode,Normal,2023-03-16 03:06:44,2023-03-16 03:05:00
38,2023-03-16 03:11:44,0,0,0,0,0,0,0,0,0,0,0,0,0,-1535,0,"425,7","0,9",668,0,0,0,0,0,0,IdleMode,Normal,2023-03-16 03:11:44,2023-03-16 03:10:00
39,2023-03-16 03:16:44,0,0,0,0,0,0,0,0,0,0,0,0,0,-807,0,"425,7","0,9","668,09",0,0,0,0,0,0,IdleMode,Normal,2023-03-16 03:16:44,2023-03-16 03:15:00
40,2023-03-16 03:21:44,0,0,0,0,0,0,0,0,0,0,0,0,0,-784,0,"425,7","0,9","668,15",0,0,0,0,0,0,IdleMode,Normal,2023-03-16 03:21:44,2023-03-16 03:20:00
41,2023-03-16 03:26:44,0,0,0,0,0,0,0,0,0,0,0,0,0,-788,0,"425,7","0,9","668,21",0,0,0,0,0,0,IdleMode,Normal,2023-03-16 03:26:44,2023-03-16 03:25:00
42,2023-03-16 03:31:44,0,0,0,0,0,0,0,0,0,0,0,0,0,-779,0,"425,7","0,9","668,26",0,0,0,0,0,0,IdleMode,Normal,2023-03-16 03:31:44,2023-03-16 03:30:00
43,2023-03-16 03:36:44,0,0,0,0,0,0,0,0,0,0,0,0,0,-795,0,"425,7","0,9","668,32",0,0,0,0,0,0,IdleMode,Normal,2023-03-16 03:36:44,2023-03-16 03:35:00
44,2023-03-16 03:41:44,0,0,0,0,0,0,0,0,0,0,0,0,0,-800,0,"425,7","0,9","668,38",0,0,0,0,0,0,IdleMode,Normal,2023-03-16 03:41:44,2023-03-16 03:40:00
45,2023-03-16 03:46:44,0,0,0,0,0,0,0,0,0,0,0,0,0,-795,0,"425,7","0,9","668,44",0,0,0,0,0,0,IdleMode,Normal,2023-03-16 03:46:44,2023-03-16 03:45:00
46,2023-03-16 03:51:44,0,0,0,0,0,0,0,0,0,0,0,0,0,-798,0,"425,7","0,9","668,5",0,0,0,0,0,0,IdleMode,Normal,2023-03-16 03:51:44,2023-03-16 03:50:00
47,2023-03-16 03:56:44,0,0,0,0,0,0,0,0,0,0,0,0,0,-798,0,"425,7","0,9","668,56",0,0,0,0,0,0,IdleMode,Normal,2023-03-16 03:56:44,2023-03-16 03:55:00
48,2023-03-16 04:01:44,0,0,0,0,0,0,0,0,0,0,0,0,0,-2052,0,"425,7","0,9","668,72",0,0,0,0,0,0,IdleMode,Normal,2023-03-16 04:01:44,2023-03-16 04:00:00
49,2023-03-16 04:06:45,0,0,0,0,0,0,0,0,0,0,0,0,0,-2129,0,"425,7","0,9","668,9",0,0,0,0,0,0,IdleMode,Normal,2023-03-16 04:06:45,2023-03-16 04:05:00
50,2023-03-16 04:11:45,0,0,0,0,0,0,0,0,0,0,0,0,0,-2163,0,"425,7","0,9","669,07",0,0,0,0,0,0,IdleMode,Normal,2023-03-16 04:11:45,2023-03-16 04:10:00
51,2023-03-16 04:16:45,0,0,0,0,0,0,0,0,0,0,0,0,0,-2060,0,"425,7","0,9","669,25",0,0,0,0,0,0,IdleMode,Normal,2023-03-16 04:16:45,2023-03-16 04:15:00
52,2023-03-16 04:21:45,0,0,0,0,0,0,0,0,0,0,0,0,0,-1969,0,"425,7","0,9","669,42",0,0,0,0,0,0,IdleMode,Normal,2023-03-16 04:21:45,2023-03-16 04:20:00
53,2023-03-16 04:26:45,0,0,0,0,0,0,0,0,0,0,0,0,0,-1822,0,"425,7","0,9","669,6",0,0,0,0,0,0,IdleMode,Normal,2023-03-16 04:26:45,2023-03-16 04:25:00
54,2023-03-16 04:31:45,0,0,0,0,0,0,0,0,0,0,0,0,0,-1838,0,"425,7","0,9","669,78",0,0,0,0,0,0,IdleMode,Normal,2023-03-16 04:31:45,2023-03-16 04:30:00
55,2023-03-16 04:36:45,0,0,0,0,0,0,0,0,0,0,0,0,0,-1695,0,"425,7","0,9","669,92",0,0,0,0,0,0,IdleMode,Normal,2023-03-16 04:36:45,2023-03-16 04:35:00
56,2023-03-16 04:41:45,0,0,0,0,0,0,0,0,0,0,0,0,0,-1692,0,"425,7","0,9","670,03",0,0,0,0,0,0,IdleMode,Normal,2023-03-16 04:41:45,2023-03-16 04:40:00
57,2023-03-16 04:46:45,0,0,0,0,0,0,0,0,0,0,0,0,0,-2215,0,"425,7","0,9","670,15",0,0,0,0,0,0,IdleMode,Normal,2023-03-16 04:46:45,2023-03-16 04:45:00
58,2023-03-16 04:51:45,0,0,0,0,0,0,0,0,0,0,0,0,0,-1497,0,"425,7","0,9","670,27",0,0,0,0,0,0,IdleMode,Normal,2023-03-16 04:51:45,2023-03-16 04:50:00
59,2023-03-16 04:56:45,0,0,0,0,0,0,0,0,0,0,0,0,0,-1495,0,"425,7","0,9","670,39",0,0,0,0,0,0,IdleMode,Normal,2023-03-16 04:56:45,2023-03-16 04:55:00
60,2023-03-16 05:01:45,0,0,0,0,0,0,0,0,0,0,0,0,0,-1479,0,"425,7","0,9","670,51",0,0,0,0,0,0,IdleMode,Normal,2023-03-16 05:01:45,2023-03-16 05:00:00
61,2023-03-16 05:06:45,0,0,0,0,0,0,0,0,0,0,0,0,0,-1479,0,"425,7","0,9","670,62",0,0,0,0,0,0,IdleMode,Normal,2023-03-16 05:06:45,2023-03-16 05:05:00
62,2023-03-16 05:11:45,0,0,0,0,0,0,0,0,0,0,0,0,0,-1435,0,"425,7","0,9","670,74",0,0,0,0,0,0,IdleMode,Normal,2023-03-16 05:11:45,2023-03-16 05:10:00
63,2023-03-16 05:16:45,0,0,0,0,0,0,0,0,0,0,0,0,0,-1396,0,"425,7","0,9","670,86",0,0,0,0,0,0,IdleMode,Normal,2023-03-16 05:16:45,2023-03-16 05:15:00
64,2023-03-16 05:21:45,0,0,0,0,0,0,0,0,0,0,0,0,0,-1398,0,"425,7","0,9","670,97",0,0,0,0,0,0,IdleMode,Normal,2023-03-16 05:21:45,2023-03-16 05:20:00
65,2023-03-16 05:26:45,0,0,0,0,0,0,0,0,0,0,0,0,0,-1391,0,"425,7","0,9","671,09",0,0,0,0,0,0,IdleMode,Normal,2023-03-16 05:26:45,2023-03-16 05:25:00
66,2023-03-16 05:31:45,0,0,0,0,0,0,0,0,0,0,0,0,0,-1403,0,"425,7","0,9","671,21",0,0,0,0,0,0,IdleMode,Normal,2023-03-16 05:31:45,2023-03-16 05:30:00
67,2023-03-16 05:36:45,0,0,0,0,0,0,0,0,0,0,0,0,0,-3291,0,"425,7","0,9","671,34",0,0,0,0,0,0,IdleMode,Normal,2023-03-16 05:36:45,2023-03-16 05:35:00
68,2023-03-16 05:41:45,0,0,0,0,0,0,0,0,0,0,0,0,0,-1479,0,"425,7","0,9","671,5",0,0,0,0,0,0,IdleMode,Normal,2023-03-16 05:41:45,2023-03-16 05:40:00
69,2023-03-16 05:46:45,0,0,0,0,0,0,0,0,0,0,0,0,0,-1440,0,"425,7","0,9","671,62",0,0,0,0,0,0,IdleMode,Normal,2023-03-16 05:46:45,2023-03-16 05:45:00
70,2023-03-16 05:51:46,0,0,0,0,0,0,0,0,0,0,0,0,0,-1435,0,"425,7","0,9","671,74",0,0,0,0,0,0,IdleMode,Normal,2023-03-16 05:51:46,2023-03-16 05:50:00
71,2023-03-16 05:56:46,0,0,0,0,0,0,0,0,0,0,0,0,0,-1524,0,"425,7","0,9","671,85",0,0,0,0,0,0,IdleMode,Normal,2023-03-16 05:56:46,2023-03-16 05:55:00
72,2023-03-16 06:01:46,0,0,0,0,0,0,0,0,0,0,0,0,0,-1440,0,"425,7","0,9","671,97",0,0,0,0,0,0,IdleMode,Normal,2023-03-16 06:01:46,2023-03-16 06:00:00
73,2023-03-16 06:06:46,0,0,0,0,0,0,0,0,0,0,0,0,0,-1440,0,"425,7","0,9","672,09",0,0,0,0,0,0,IdleMode,Normal,2023-03-16 06:06:46,2023-03-16 06:05:00
74,2023-03-16 06:11:46,0,0,0,0,0,0,0,0,0,0,0,0,0,-1559,0,"425,7","0,9","672,2",0,0,0,0,0,0,IdleMode,Normal,2023-03-16 06:11:46,2023-03-16 06:10:00
75,2023-03-16 06:16:46,0,0,0,"349,7",0,0,1,"241,7",1,"240,4",1,"240,2",79,-1520,0,"425,7","0,9","672,24",0,0,0,0,0,0,NormalMode,Normal,2023-03-16 06:16:46,2023-03-16 06:15:00
76,2023-03-16 06:21:46,"271,8","0,1",28,"439,8","0,2",111,1,"240,6","1,1","238,7","1,1","237,3",179,-1372,0,"425,7","0,9","672,44",0,0,0,0,0,0,NormalMode,Normal,2023-03-16 06:21:46,2023-03-16 06:20:00
77,2023-03-16 06:26:46,"384,3","0,1",58,"430,7","0,6",273,"1,1",241,"1,1","239,2","1,1","237,4",351,-1142,"0,1","425,8","0,9","672,54",0,0,0,0,0,0,NormalMode,Normal,2023-03-16 06:26:46,2023-03-16 06:25:00
78,2023-03-16 06:31:46,"491,5","0,2",100,"405,7","1,1",452,"1,3","239,6","1,3","236,9","1,3","236,9",564,-959,"0,1","425,8","0,9","672,64",0,0,0,0,0,0,NormalMode,Normal,2023-03-16 06:31:46,2023-03-16 06:30:00
79,2023-03-16 06:36:46,453,"0,2",101,"440,4","1,5",678,"1,5","237,3","1,5","237,8","1,5","234,2",802,-713,"0,2","425,9","0,9","672,64",0,0,0,0,0,0,NormalMode,Normal,2023-03-16 06:36:46,2023-03-16 06:35:00
80,2023-03-16 06:41:46,"517,9","0,2",149,"442,2","1,9",877,"1,7","239,5","1,7",239,"1,7","236,4",1008,-341,"0,2","425,9","0,9","672,74",0,0,0,0,0,0,NormalMode,Normal,2023-03-16 06:41:46,2023-03-16 06:40:00
81,2023-03-16 06:46:46,"467,5","0,3",180,"445,9","2,2",1000,"1,9","236,7","1,9","238,5","1,9","236,3",1133,-326,"0,3",426,"0,9","672,74",0,0,0,0,0,0,NormalMode,Normal,2023-03-16 06:46:46,2023-03-16 06:45:00
82,2023-03-16 06:51:46,"538,6","0,4",234,"427,8","2,6",1150,2,"237,8",2,"239,2","2,3","236,4",1318,-110,"0,4","426,1","0,9","672,74",0,0,0,0,0,0,NormalMode,Normal,2023-03-16 06:51:46,2023-03-16 06:50:00
83,2023-03-16 06:56:46,222,"1,2",266,437,3,1318,"2,2","237,1",2,238,"2,6",236,1438,0,"0,6","426,3","0,9","672,74",0,0,0,0,0,0,NormalMode,Normal,2023-03-16 06:56:46,2023-03-16 06:55:00
84,2023-03-16 07:01:46,"311,1",1,320,"408,5","3,4",1417,"2,2","237,5",2,"236,5","2,6","236,7",1442,0,"0,7","426,4","0,9","672,74",0,0,0,0,0,0,NormalMode,Normal,2023-03-16 07:01:46,2023-03-16 07:00:00
85,2023-03-16 07:06:46,"310,1","1,2",376,"424,1","3,7",1592,"2,2","236,9",2,"237,1","2,6","237,6",1451,0,"0,8","426,5","0,9","672,74",0,0,0,0,0,0,NormalMode,Normal,2023-03-16 07:06:46,2023-03-16 07:05:00
86,2023-03-16 07:11:46,"484,4","0,9",457,"444,2","3,9",1755,2,"235,7",2,"238,1","2,6","237,3",1376,0,"0,9","426,6","0,9","672,74",0,0,0,0,0,0,NormalMode,Normal,2023-03-16 07:11:46,2023-03-16 07:10:00
87,2023-03-16 07:16:46,"519,4",1,532,"449,3","4,2",1930,2,"236,7",2,"236,1","2,6",236,1377,0,1,"426,7","0,9","672,74",0,0,0,0,0,0,NormalMode,Normal,2023-03-16 07:16:46,2023-03-16 07:15:00
88,2023-03-16 07:21:46,"509,3","1,1",605,"444,4","4,5",2041,2,"237,8",2,"239,1","2,6","236,6",1374,0,"1,1","426,8","0,9","672,74",0,0,0,0,0,0,NormalMode,Normal,2023-03-16 07:21:46,2023-03-16 07:20:00
89,2023-03-16 07:26:46,"521,9","1,3",687,"442,5","4,8",2147,2,"237,9",2,"238,6","2,5","237,1",1373,0,"1,3",427,"0,9","672,74",0,0,0,0,0,0,NormalMode,Normal,2023-03-16 07:26:46,2023-03-16 07:25:00
90,2023-03-16 07:31:46,506,"1,4",756,"443,7","5,2",2335,2,"240,9",2,"239,9","2,5","238,3",1377,0,"1,4","427,1","0,9","672,74",0,0,0,0,0,0,NormalMode,Normal,2023-03-16 07:31:46,2023-03-16 07:30:00
91,2023-03-16 07:36:47,"502,5","1,6",826,"416,5",6,2522,"2,2",238,2,"240,8","2,6","237,8",1436,0,"1,5","427,2","0,9","672,84",0,0,0,0,0,0,NormalMode,Normal,2023-03-16 07:36:47,2023-03-16 07:35:00
92,2023-03-16 07:41:47,"522,1","1,7",926,422,"6,4",2702,"1,9","239,2","1,5","239,6","2,3","238,1",1142,0,"1,6","427,3","0,9","672,84",0,0,0,0,0,0,NormalMode,Normal,2023-03-16 07:41:47,2023-03-16 07:40:00
93,2023-03-16 07:46:47,"537,2","1,8",996,423,"6,6",2798,"3,2","239,8","2,8","240,4","3,7","238,7",2192,0,"1,7","427,4","0,9","672,84",0,0,0,0,0,0,NormalMode,Normal,2023-03-16 07:46:47,2023-03-16 07:45:00
94,2023-03-16 07:51:47,"534,7",2,1105,"419,6","6,9",2900,"2,1","239,8","1,8","239,5","2,4","239,3",1326,0,"1,9","427,6","0,9","672,84",0,0,0,0,0,0,NormalMode,Normal,2023-03-16 07:51:47,2023-03-16 07:50:00
95,2023-03-16 07:56:47,529,"2,3",1217,"415,2","7,1",2987,"2,2","240,9","1,9","239,4","2,4","240,2",1393,0,2,"427,7","0,9","672,84",0,0,0,0,0,0,NormalMode,Normal,2023-03-16 07:56:47,2023-03-16 07:55:00
96,2023-03-16 08:01:47,"544,4","2,6",1417,"417,3","7,3",3075,"1,1","242,6","1,1","240,1","1,3","241,9",307,0,"2,1","427,8","0,9","672,84",0,0,0,0,0,0,NormalMode,Normal,2023-03-16 08:01:47,2023-03-16 08:00:00
97,2023-03-16 08:06:47,"528,6",3,1619,"417,1","7,5",3145,"1,1","241,2",1,"240,8","1,1","238,3",202,0,"2,1","427,8","0,9","672,84",0,0,0,0,0,0,NormalMode,Normal,2023-03-16 08:06:47,2023-03-16 08:05:00
98,2023-03-16 08:11:47,518,"3,2",1671,"415,4","7,6",3198,"1,1","240,8",1,"238,5","1,1","240,4",196,-43,"2,1","427,8","0,9","672,84",0,0,0,0,0,0,NormalMode,Normal,2023-03-16 08:11:47,2023-03-16 08:10:00
99,2023-03-16 08:16:47,"527,5","3,3",1780,"409,9","7,9",3256,"1,1","238,3","1,1","239,9","1,1","238,4",330,47,"2,1","427,8","0,9","672,84",0,0,0,0,0,0,NormalMode,Normal,2023-03-16 08:16:47,2023-03-16 08:15:00
100,2023-03-16 08:21:47,"507,9","3,6",1851,"410,6",8,3301,"1,1","239,1","1,1","239,5","1,1","239,1",238,-43,"2,2","427,9","0,9","672,84",0,0,0,0,0,0,NormalMode,Normal,2023-03-16 08:21:47,2023-03-16 08:20:00
101,2023-03-16 08:26:47,"513,4","3,6",1896,"404,9","8,2",3337,"1,1","239,1","1,1","239,6","1,3","239,8",339,0,"2,2","427,9","0,9","672,84",0,0,0,0,0,0,NormalMode,Normal,2023-03-16 08:26:47,2023-03-16 08:25:00
102,2023-03-16 08:31:47,"516,8","3,9",2037,"399,6","8,4",3364,"1,1","237,7",1,"238,4","1,3","237,7",274,0,"2,2","427,9","0,9","672,84",0,0,0,0,0,0,NormalMode,Normal,2023-03-16 08:31:47,2023-03-16 08:30:00
103,2023-03-16 08:36:47,"507,3","4,1",2115,"413,5","8,1",3382,"1,1","239,4",1,"239,7","1,3",240,274,0,"2,2","427,9","0,9","672,84",0,0,0,0,0,0,NormalMode,Normal,2023-03-16 08:36:47,2023-03-16 08:35:00
104,2023-03-16 08:41:47,"520,8","4,2",2235,400,"8,7",3497,3,"239,1","2,6",240,"3,2","238,5",2008,0,"2,3",428,"0,9","672,84",0,0,0,0,0,0,NormalMode,Normal,2023-03-16 08:41:47,2023-03-16 08:40:00
105,2023-03-16 08:46:47,"521,6","4,4",2333,"400,6","8,8",3547,"3,2","241,5","2,9","239,1","3,4","241,6",2184,0,"2,5","428,2","0,9","672,84",0,0,0,0,0,0,NormalMode,Normal,2023-03-16 08:46:47,2023-03-16 08:45:00
106,2023-03-16 08:51:47,"513,4","4,6",2407,395,9,3562,"3,1","240,2","2,8","239,6","3,4","240,3",2103,0,"2,7","428,4","0,9","672,84",0,0,0,0,0,0,NormalMode,Normal,2023-03-16 08:51:47,2023-03-16 08:50:00
107,2023-03-16 08:56:47,"513,8","4,8",2495,"401,4","8,8",3546,"2,8","240,4","2,6","239,3","2,8","239,9",1851,0,"2,9","428,6","0,9","672,84",0,0,0,0,0,0,NormalMode,Normal,2023-03-16 08:56:47,2023-03-16 08:55:00
108,2023-03-16 09:01:47,"503,6",5,2540,"398,2","8,9",3558,"2,7","242,9","2,4","239,4","2,6","241,1",1713,0,3,"428,7","0,9","672,84",0,0,0,0,0,0,NormalMode,Normal,2023-03-16 09:01:47,2023-03-16 09:00:00
109,2023-03-16 09:06:48,"500,8","5,1",2560,"400,2","8,7",3520,"2,3","242,3","2,1","239,6","2,3",240,1432,0,"3,2","428,9","0,9","672,84",0,0,0,0,0,0,NormalMode,Normal,2023-03-16 09:06:48,2023-03-16 09:05:00
110,2023-03-16 09:11:47,"500,3","5,3",2697,"394,5","9,2",3634,"2,2","241,9",2,"241,7","2,2","242,6",1379,-43,"3,3",429,"0,9","672,84",0,0,0,0,0,0,NormalMode,Normal,2023-03-16 09:11:47,2023-03-16 09:10:00
111,2023-03-16 09:16:48,"507,3","5,1",2625,397,"8,6",3435,2,"242,1",2,"241,2","2,1","241,6",1298,-71,"3,4","429,1","0,9","672,84",0,0,0,0,0,0,NormalMode,Normal,2023-03-16 09:16:48,2023-03-16 09:15:00
112,2023-03-16 09:21:48,"511,1","3,7",1904,"408,1","5,1",2121,"2,1","242,4","2,1","241,7","2,6","242,7",1489,0,"3,5","429,2","0,9","672,84",0,0,0,0,0,0,NormalMode,Normal,2023-03-16 09:21:48,2023-03-16 09:20:00
113,2023-03-16 09:26:48,504,"4,6",2363,"401,8","7,2",2930,2,"241,8",2,"241,3","2,4","241,6",1386,-102,"3,6","429,3","0,9","672,84",0,0,0,0,0,0,NormalMode,Normal,2023-03-16 09:26:48,2023-03-16 09:25:00
114,2023-03-16 09:31:48,"507,8","5,5",2826,"394,8","8,7",3441,"1,1","242,5","1,1",242,"1,3","242,5",312,0,"3,7","429,4","0,9","672,84",0,0,0,0,0,0,NormalMode,Normal,2023-03-16 09:31:48,2023-03-16 09:30:00
115,2023-03-16 09:36:48,"516,8","5,2",2728,"392,5","8,3",3278,"1,1","242,6","1,1","241,5","1,3","242,9",285,0,"3,7","429,4","0,9","672,84",0,0,0,0,0,0,NormalMode,Normal,2023-03-16 09:36:48,2023-03-16 09:35:00
116,2023-03-16 09:41:48,"511,7","5,7",2926,"400,2","8,7",3508,"1,1","240,2","1,1","239,9","1,3","239,9",329,0,"3,7","429,4","0,9","672,84",0,0,0,0,0,0,NormalMode,Normal,2023-03-16 09:41:48,2023-03-16 09:40:00
117,2023-03-16 09:46:48,"525,4","5,5",2925,"426,3","7,7",3310,"1,1","242,7","1,1","241,3","1,3","241,4",332,0,"3,8","429,5","0,9","672,84",0,0,0,0,0,0,NormalMode,Normal,2023-03-16 09:46:48,2023-03-16 09:45:00
118,2023-03-16 09:51:48,"544,1","4,2",2313,"454,1","4,4",2019,"1,1","241,5",1,"239,9","1,1","239,4",229,0,"3,8","429,5","0,9","672,84",0,0,0,0,0,0,NormalMode,Normal,2023-03-16 09:51:48,2023-03-16 09:50:00
119,2023-03-16 09:56:48,"546,9","4,6",2560,"465,2","2,9",1381,"1,1",239,1,"239,6","1,1","241,4",175,0,"3,8","429,5","0,9","672,84",0,0,0,0,0,0,NormalMode,Normal,2023-03-16 09:56:48,2023-03-16 09:55:00
120,2023-03-16 10:01:48,"552,8",4,2224,"476,3",0,0,"1,1","239,2",1,"239,7","1,1","240,2",161,-43,"3,8","429,5","0,9","672,84",0,0,0,0,0,0,NormalMode,Normal,2023-03-16 10:01:48,2023-03-16 10:00:00
121,2023-03-16 10:06:48,"567,6","1,4",836,"471,3","0,1",78,"1,1","241,1",1,"238,9","1,1","240,7",158,-47,"3,8","429,5","0,9","672,94",0,0,0,0,0,0,NormalMode,Normal,2023-03-16 10:06:48,2023-03-16 10:05:00
122,2023-03-16 10:11:48,"551,8","0,4",242,"468,9",0,0,"1,1","238,4",1,"239,5","1,1","239,1",173,0,"3,9","429,6","0,9","672,94",0,0,0,0,0,0,NormalMode,Normal,2023-03-16 10:11:48,2023-03-16 10:10:00
123,2023-03-16 10:16:48,"536,4","0,3",208,458,"1,3",640,"2,3","240,7","1,2","240,1","1,3","239,7",755,0,"3,9","429,6","0,9","672,94",0,0,0,0,0,0,NormalMode,Normal,2023-03-16 10:16:48,2023-03-16 10:15:00
124,2023-03-16 10:21:48,"543,2","0,3",212,"464,9","1,3",607,"2,3",239,"1,2",240,"1,3","239,3",754,-47,4,"429,7","0,9","672,94",0,0,0,0,0,0,NormalMode,Normal,2023-03-16 10:21:48,2023-03-16 10:20:00
125,2023-03-16 10:26:48,"536,9","0,4",225,"459,5","1,5",719,"2,6","239,9","1,2","237,8","1,3","241,5",854,0,4,"429,7","0,9","672,94",0,0,0,0,0,0,NormalMode,Normal,2023-03-16 10:26:48,2023-03-16 10:25:00
126,2023-03-16 10:31:48,"550,3","0,3",219,"473,1","1,5",723,"2,7","240,4","1,2","238,9","1,3","240,9",866,0,"4,1","429,8","0,9","672,94",0,0,0,0,0,0,NormalMode,Normal,2023-03-16 10:31:48,2023-03-16 10:30:00
127,2023-03-16 10:36:48,"553,1","0,4",224,"476,2","1,4",702,"2,6","241,5","1,2","239,7","1,3","242,1",828,-43,"4,2","429,9","0,9","672,94",0,0,0,0,0,0,NormalMode,Normal,2023-03-16 10:36:48,2023-03-16 10:35:00
128,2023-03-16 10:41:48,"541,7","0,4",218,"465,1","1,3",619,"2,6","241,7","1,2",239,"1,1","242,1",750,-52,"4,2","429,9","0,9","672,94",0,0,0,0,0,0,NormalMode,Normal,2023-03-16 10:41:48,2023-03-16 10:40:00
129,2023-03-16 10:46:48,"543,5","0,4",246,467,"1,4",669,"2,9","242,6","1,2","241,4","1,1","242,7",831,0,"4,3",430,"0,9","672,94",0,0,0,0,0,0,NormalMode,Normal,2023-03-16 10:46:48,2023-03-16 10:45:00
130,2023-03-16 10:51:48,550,"0,6",352,"473,9","1,1",544,"2,8","241,4","1,2","240,1","1,1","241,6",821,0,"4,4","430,1","0,9","672,94",0,0,0,0,0,0,NormalMode,Normal,2023-03-16 10:51:48,2023-03-16 10:50:00
131,2023-03-16 10:56:49,"548,1","0,3",206,"472,2","1,3",637,"2,8","243,3","1,2","241,2","1,1","242,8",781,-55,"4,4","430,1","0,9","672,94",0,0,0,0,0,0,NormalMode,Normal,2023-03-16 10:56:49,2023-03-16 10:55:00
132,2023-03-16 11:01:49,"543,8","0,3",198,"468,1","1,4",674,"2,9","240,8","1,2",240,"1,1","240,5",809,-42,"4,5","430,2","0,9","672,94",0,0,0,0,0,0,NormalMode,Normal,2023-03-16 11:01:49,2023-03-16 11:00:00
133,2023-03-16 11:06:49,518,"0,4",210,"445,7","5,4",2426,"5,2","242,8","2,5","240,3","3,1","241,1",2484,0,"4,6","430,3","0,9","672,94",0,0,0,0,0,0,NormalMode,Normal,2023-03-16 11:06:49,2023-03-16 11:05:00
134,2023-03-16 11:11:49,"511,6","0,3",199,"439,4","6,1",2710,"5,8","242,1","2,7","240,5","3,2","240,3",2739,0,"4,8","430,5","0,9","672,94",0,0,0,0,0,0,NormalMode,Normal,2023-03-16 11:11:49,2023-03-16 11:10:00
135,2023-03-16 11:16:49,"394,7","7,4",2952,"478,9",0,0,"5,7","242,2",3,"241,7","3,3","241,5",2813,58,"5,1","430,8","0,9","672,94",0,0,0,0,0,0,NormalMode,Normal,2023-03-16 11:16:49,2023-03-16 11:15:00
136,2023-03-16 11:21:49,"539,4","4,4",2407,475,0,0,"4,8","240,9","2,3","243,4","2,8","242,2",2270,0,"5,3",431,"0,9","672,94",0,0,0,0,0,0,NormalMode,Normal,2023-03-16 11:21:49,2023-03-16 11:20:00
137,2023-03-16 11:26:49,"550,4",4,2236,"477,7",0,0,"4,5","242,9","2,1","240,6","2,6","242,6",2094,-44,"5,5","431,2","0,9","672,94",0,0,0,0,0,0,NormalMode,Normal,2023-03-16 11:26:49,2023-03-16 11:25:00
138,2023-03-16 11:31:49,"342,3","3,8",1305,"463,2",0,0,2,"243,1","1,9","241,7","2,1","241,5",1241,-76,"5,6","431,3","0,9","672,94",0,0,0,0,0,0,NormalMode,Normal,2023-03-16 11:31:49,2023-03-16 11:30:00
139,2023-03-16 11:36:49,"550,6",2,1152,"478,8","0,4",216,2,"242,4",2,"241,8","2,1","241,7",1279,-50,"5,7","431,4","0,9","672,94",0,0,0,0,0,0,NormalMode,Normal,2023-03-16 11:36:49,2023-03-16 11:35:00
140,2023-03-16 11:41:49,"534,2","0,3",208,"462,3","2,6",1215,"2,1","240,4",2,"242,1","2,2","241,6",1329,-66,"5,8","431,5","0,9","672,94",0,0,0,0,0,0,NormalMode,Normal,2023-03-16 11:41:49,2023-03-16 11:40:00
141,2023-03-16 11:46:49,"531,3","0,3",207,"460,4","2,6",1239,"2,2","242,4",2,"241,6","2,2","242,2",1362,-42,6,"431,7","0,9","672,94",0,0,0,0,0,0,NormalMode,Normal,2023-03-16 11:46:49,2023-03-16 11:45:00
142,2023-03-16 11:51:49,"540,9","0,3",207,"470,1","0,1",88,"1,1","240,1","1,1","241,4","1,1","240,3",247,0,"6,1","431,8","0,9","672,94",0,0,0,0,0,0,NormalMode,Normal,2023-03-16 11:51:49,2023-03-16 11:50:00
143,2023-03-16 11:56:49,"537,9","0,3",205,"467,4","0,4",199,"1,3","244,2","1,1","242,1","1,1","242,2",345,0,"6,1","431,8","0,9","672,94",0,0,0,0,0,0,NormalMode,Normal,2023-03-16 11:56:49,2023-03-16 11:55:00
144,2023-03-16 12:01:49,"537,2","0,3",209,"469,3","0,2",103,"1,1","242,6","1,1","241,8","1,2","241,9",255,0,"6,1","431,8","0,9","673,04",0,0,0,0,0,0,NormalMode,Normal,2023-03-16 12:01:49,2023-03-16 12:00:00
145,2023-03-16 12:06:49,"535,6","0,3",197,"467,9","0,2",116,"1,1","243,5","1,1","241,8","1,3","241,2",268,-41,"6,1","431,8","0,9","673,04",0,0,0,0,0,0,NormalMode,Normal,2023-03-16 12:06:49,2023-03-16 12:05:00
146,2023-03-16 12:11:49,"535,6","0,4",214,"467,9","0,2",115,"1,1","241,9",1,"240,3","1,3","239,3",271,0,"6,1","431,8","0,9","673,04",0,0,0,0,0,0,NormalMode,Normal,2023-03-16 12:11:49,2023-03-16 12:10:00
147,2023-03-16 12:16:49,"535,7","0,3",211,"468,4","0,1",89,"1,1","240,3",1,241,"1,2","240,5",261,-42,"6,2","431,9","0,9","673,04",0,0,0,0,0,0,NormalMode,Normal,2023-03-16 12:16:49,2023-03-16 12:15:00
148,2023-03-16 12:21:49,"540,5","0,6",348,"463,2",0,0,"1,1",238,"1,1","242,2","1,3","240,6",310,0,"6,2","431,9","0,9","673,04",0,0,0,0,0,0,NormalMode,Normal,2023-03-16 12:21:49,2023-03-16 12:20:00
149,2023-03-16 12:26:49,"548,4","0,5",275,"462,6",0,0,"1,1","240,9","1,1","242,2","1,1","241,2",236,0,"6,2","431,9","0,9","673,04",0,0,0,0,0,0,NormalMode,Normal,2023-03-16 12:26:49,2023-03-16 12:25:00
150,2023-03-16 12:31:49,"555,7","0,4",263,473,0,0,"1,1","239,4","1,1","241,5","1,1","239,5",216,-56,"6,2","431,9","0,9","673,04",0,0,0,0,0,0,NormalMode,Normal,2023-03-16 12:31:49,2023-03-16 12:30:00
151,2023-03-16 12:36:49,"568,9","0,2",118,"476,1","0,5",250,"1,1","241,8","1,1","241,9","1,1","240,2",325,57,"6,3",432,"0,9","673,04",0,0,0,0,0,0,NormalMode,Normal,2023-03-16 12:36:49,2023-03-16 12:35:00
152,2023-03-16 12:41:50,"579,4","0,3",201,"484,5",0,0,"1,1","239,6",1,"241,7","1,1","238,9",157,-49,"6,3",432,"0,9","673,04",0,0,0,0,0,0,NormalMode,Normal,2023-03-16 12:41:50,2023-03-16 12:40:00
153,2023-03-16 12:46:50,"542,7","0,2",136,"455,7","0,1",71,"1,1","241,6",1,"241,3","1,1","241,8",166,-42,"6,3",432,"0,9","673,04",0,0,0,0,0,0,NormalMode,Normal,2023-03-16 12:46:50,2023-03-16 12:45:00
154,2023-03-16 12:51:50,"575,7","0,3",198,"484,7","0,2",115,"1,1","242,3","1,1","241,1","1,3","240,8",267,-44,"6,3",432,"0,9","673,04",0,0,0,0,0,0,NormalMode,Normal,2023-03-16 12:51:50,2023-03-16 12:50:00
155,2023-03-16 12:56:50,"542,4","0,1",54,"451,5","0,5",249,"1,1","241,3","1,1","241,5","1,3","241,4",275,0,"6,4","432,1","0,9","673,04",0,0,0,0,0,0,NormalMode,Normal,2023-03-16 12:56:50,2023-03-16 12:55:00
156,2023-03-16 13:01:50,"546,7","0,2",141,456,"0,3",162,"1,1","241,4","1,1","240,1","1,3","241,8",270,-42,"6,4","432,1","0,9","673,04",0,0,0,0,0,0,NormalMode,Normal,2023-03-16 13:01:50,2023-03-16 13:00:00
157,2023-03-16 13:06:50,"551,6","0,3",180,"461,2","0,2",129,"1,1","240,9","1,1","239,8","1,3","242,3",270,-41,"6,4","432,1","0,9","673,04",0,0,0,0,0,0,NormalMode,Normal,2023-03-16 13:06:50,2023-03-16 13:05:00
158,2023-03-16 13:11:50,"551,1","0,4",230,"462,4","0,4",228,"1,1","240,7","1,1",241,"1,3","242,7",398,-45,"6,4","432,1","0,9","673,04",0,0,0,0,0,0,NormalMode,Normal,2023-03-16 13:11:50,2023-03-16 13:10:00
159,2023-03-16 13:16:50,374,"2,4",905,"415,3","1,6",666,"3,2",241,"2,9","240,3","2,8","242,8",2015,0,"6,6","432,3","0,9","673,04",0,0,0,0,0,0,NormalMode,Normal,2023-03-16 13:16:50,2023-03-16 13:15:00
160,2023-03-16 13:21:50,"513,3","7,4",3837,"469,1","3,8",1826,"3,4",242,"3,4","239,9","3,4","242,7",2393,195,"6,7","432,4","0,9","673,04",0,0,0,0,0,0,NormalMode,Normal,2023-03-16 13:21:50,2023-03-16 13:20:00
161,2023-03-16 13:26:50,"552,2","3,3",1876,"483,2","0,6",297,3,"240,7",3,"242,2",3,"242,6",2047,-49,"6,9","432,6","0,9","673,04",0,0,0,0,0,0,NormalMode,Normal,2023-03-16 13:26:50,2023-03-16 13:25:00
162,2023-03-16 13:31:50,"547,2","3,1",1724,"478,4","0,5",273,"2,7",243,"2,8","241,8","2,8","241,7",1896,-47,"7,1","432,8","0,9","673,04",0,0,0,0,0,0,NormalMode,Normal,2023-03-16 13:31:50,2023-03-16 13:30:00
163,2023-03-16 13:36:50,"544,2","3,3",1806,"478,2",0,0,"2,4","242,8","2,6","241,6","2,6","241,6",1704,-51,"7,2","432,9","0,9","673,04",0,0,0,0,0,0,NormalMode,Normal,2023-03-16 13:36:50,2023-03-16 13:35:00
164,2023-03-16 13:41:50,"553,6","2,8",1595,"477,9",0,0,"2,2","240,8","2,4","241,6","2,4","241,2",1511,-50,"7,4","433,1","0,9","673,04",0,0,0,0,0,0,NormalMode,Normal,2023-03-16 13:41:50,2023-03-16 13:40:00
165,2023-03-16 13:46:50,"547,6","2,9",1610,"475,1",0,0,"2,1","241,3","2,3",242,"2,6",244,1512,0,"7,5","433,2","0,9","673,04",0,0,0,0,0,0,NormalMode,Normal,2023-03-16 13:46:50,2023-03-16 13:45:00
166,2023-03-16 13:51:50,"546,7",3,1659,"475,4",0,0,"2,2","240,9","2,3","239,7","2,6","241,3",1565,-46,"7,6","433,3","0,9","673,04",0,0,0,0,0,0,NormalMode,Normal,2023-03-16 13:51:50,2023-03-16 13:50:00
167,2023-03-16 13:56:50,"544,7",3,1647,"477,2",0,0,"2,3","239,6","2,3","243,8","2,6","243,2",1577,-42,"7,8","433,5","0,9","673,04",0,0,0,0,0,0,NormalMode,Normal,2023-03-16 13:56:50,2023-03-16 13:55:00
168,2023-03-16 14:01:50,"546,6",3,1690,"476,7",0,0,"2,2","240,1","2,3","241,4","2,6",240,1577,-42,"7,9","433,6","0,9","673,04",0,0,0,0,0,0,NormalMode,Normal,2023-03-16 14:01:50,2023-03-16 14:00:00
169,2023-03-16 14:06:50,"564,6","0,5",310,"476,5",0,0,"1,1",242,"1,1","242,7","1,1","243,1",263,0,8,"433,7","0,9","673,14",0,0,0,0,0,0,NormalMode,Normal,2023-03-16 14:06:50,2023-03-16 14:05:00
170,2023-03-16 14:09:09,"539,9","0,3",206,"475,7","0,1",93,"1,1","242,2","1,1","241,9","1,1","242,8",270,0,"8,1","433,8","0,9","673,14",0,0,0,0,0,0,NormalMode,Normal,2023-03-16 14:09:09,2023-03-16 14:10:00
171,2023-03-16 14:14:09,"531,2","0,4",233,"467,3","1,2",563,"1,2","241,1","1,1","242,3","2,5","241,3",718,0,"8,1","433,8","0,9","673,14",0,0,0,0,0,0,NormalMode,Normal,2023-03-16 14:14:09,2023-03-16 14:15:00
172,2023-03-16 14:19:09,"533,2","0,4",216,"469,5","0,9",460,"1,2","242,1","1,1","241,9","2,1","242,3",606,-42,"8,1","433,8","0,9","673,14",0,0,0,0,0,0,NormalMode,Normal,2023-03-16 14:19:09,2023-03-16 14:20:00
173,2023-03-16 14:24:09,"530,9","0,3",201,"467,5",1,510,"1,2","242,6","1,1","242,3","2,2","243,6",639,0,"8,2","433,9","0,9","673,14",0,0,0,0,0,0,NormalMode,Normal,2023-03-16 14:24:09,2023-03-16 14:25:00
174,2023-03-16 14:29:09,"526,6","0,4",231,"463,4","1,3",643,"1,2","240,4","1,1","238,4","2,8","238,3",783,0,"8,2",434,"0,9","673,14",0,0,0,0,0,0,NormalMode,Normal,2023-03-16 14:29:09,2023-03-16 14:30:00
175,2023-03-16 14:34:09,"515,1","3,1",1627,"452,6","1,8",845,"1,6",240,"1,2","239,7","8,1","240,7",2322,73,"8,4","434,1","0,9","673,14",0,0,0,0,0,0,NormalMode,Normal,2023-03-16 14:34:09,2023-03-16 14:35:00
176,2023-03-16 14:39:09,"287,6","10,4",3011,"410,1","2,3",966,"4,4","237,8","4,5","238,8","19,5","238,5",6707,0,"8,9","434,6","0,9","673,14",0,0,0,0,0,0,NormalMode,Normal,2023-03-16 14:39:09,2023-03-16 14:40:00
177,2023-03-16 14:44:09,"420,6",7,2955,"410,6",2,861,"5,5","241,1","5,6","239,3","16,1","239,1",6490,0,"9,4","435,1","0,9","673,14",0,0,0,0,0,0,NormalMode,Normal,2023-03-16 14:44:09,2023-03-16 14:45:00
178,2023-03-16 14:49:09,"481,9","6,2",2998,"410,9","1,9",783,"6,1",242,"6,5","239,2","17,1","239,5",7081,0,10,"435,7","0,9","673,14",0,0,0,0,0,0,NormalMode,Normal,2023-03-16 14:49:09,2023-03-16 14:50:00
179,2023-03-16 14:54:09,"470,5","5,6",2658,"408,5","1,4",600,"4,3","238,4","4,9","239,3","7,1",239,3826,-48,"10,4","436,1","0,9","673,14",0,0,0,0,0,0,NormalMode,Normal,2023-03-16 14:54:09,2023-03-16 14:55:00
180,2023-03-16 14:59:10,"483,3","5,8",2850,"415,1","1,4",593,"4,4","240,7",5,"239,4","6,6","240,3",3774,0,"10,7","436,4","0,9","673,14",0,0,0,0,0,0,NormalMode,Normal,2023-03-16 14:59:10,2023-03-16 15:00:00
181,2023-03-16 15:04:10,475,"5,8",2766,"406,7","1,2",513,"4,1","238,4","4,8","238,6","4,3","238,1",3069,0,11,"436,7","0,9","673,14",0,0,0,0,0,0,NormalMode,Normal,2023-03-16 15:04:10,2023-03-16 15:05:00
182,2023-03-16 15:09:10,"489,1","5,2",2571,"418,2","0,9",411,"4,1","239,8","4,9","238,8","4,2","239,6",3093,-68,"11,2","436,9","0,9","673,14",0,0,0,0,0,0,NormalMode,Normal,2023-03-16 15:09:10,2023-03-16 15:10:00
183,2023-03-16 15:14:10,"486,9","5,3",2621,"392,5","0,9",377,"3,9","239,4","4,5","238,5","3,8","239,2",2826,0,"11,5","437,2","0,9","673,14",0,0,0,0,0,0,NormalMode,Normal,2023-03-16 15:14:10,2023-03-16 15:15:00
184,2023-03-16 15:19:10,"474,5","5,1",2437,"428,9","0,7",326,"3,5","238,1","4,3","238,7","3,5","238,3",2611,0,"11,7","437,4","0,9","673,14",0,0,0,0,0,0,NormalMode,Normal,2023-03-16 15:19:10,2023-03-16 15:20:00
185,2023-03-16 15:24:10,475,"4,8",2308,"393,7","0,7",277,"3,6","237,8","4,3","238,8","4,3","237,7",2836,-52,12,"437,7","0,9","673,14",0,0,0,0,0,0,NormalMode,Normal,2023-03-16 15:24:10,2023-03-16 15:25:00
186,2023-03-16 15:29:10,"451,4","4,2",1903,"389,2","0,6",258,"3,4","236,3","4,5","238,4","4,1","235,9",2755,0,"12,2","437,9","0,9","673,14",0,0,0,0,0,0,NormalMode,Normal,2023-03-16 15:29:10,2023-03-16 15:30:00
187,2023-03-16 15:34:10,"443,7","4,3",1935,413,"0,6",252,"2,8","238,2","3,9",239,"3,5","237,7",2341,0,"12,4","438,1","0,9","673,14",0,0,0,0,0,0,NormalMode,Normal,2023-03-16 15:34:10,2023-03-16 15:35:00
188,2023-03-16 15:39:10,438,"3,7",1655,"376,5","0,6",227,"2,9","235,3",4,"235,9","3,5","235,4",2349,-55,"12,6","438,3","0,9","673,14",0,0,0,0,0,0,NormalMode,Normal,2023-03-16 15:39:10,2023-03-16 15:40:00
189,2023-03-16 15:44:10,"431,9","3,9",1724,"417,1","0,5",241,"1,1","236,4","1,6","236,6","1,4","235,2",553,0,"12,8","438,5","0,9","673,14",0,0,0,0,0,0,NormalMode,Normal,2023-03-16 15:44:10,2023-03-16 15:45:00
190,2023-03-16 15:49:10,"392,3","4,1",1635,"431,6","0,5",231,"1,1","237,3","1,6","238,3","1,2","237,6",447,0,"12,8","438,5","0,9","673,14",0,0,0,0,0,0,NormalMode,Normal,2023-03-16 15:49:10,2023-03-16 15:50:00
191,2023-03-16 15:54:10,"390,3","3,5",1391,"373,4","0,5",219,"1,1","238,2","1,6","238,6","1,2","239,1",509,0,"12,9","438,6","0,9","673,14",0,0,0,0,0,0,NormalMode,Normal,2023-03-16 15:54:10,2023-03-16 15:55:00
192,2023-03-16 15:59:10,"345,5","3,6",1271,408,"0,6",249,"1,1","237,9","1,6","237,7","1,2","235,3",505,-41,"12,9","438,6","0,9","673,24",0,0,0,0,0,0,NormalMode,Normal,2023-03-16 15:59:10,2023-03-16 16:00:00
193,2023-03-16 16:04:10,"333,7","3,3",1110,"406,2","0,5",242,"1,1","238,1","1,5","236,2","1,2","235,3",439,0,13,"438,7","0,9","673,24",0,0,0,0,0,0,NormalMode,Normal,2023-03-16 16:04:10,2023-03-16 16:05:00
194,2023-03-16 16:09:10,"291,2","3,4",993,"409,7","0,5",238,"1,1","239,4","1,1","237,9","1,1","235,8",307,-43,13,"438,7","0,9","673,24",0,0,0,0,0,0,NormalMode,Normal,2023-03-16 16:09:10,2023-03-16 16:10:00
195,2023-03-16 16:14:10,"291,8","2,8",823,407,"0,5",240,3,"236,3","3,3",237,"3,2","231,9",2140,0,"13,1","438,8","0,9","673,24",0,0,0,0,0,0,NormalMode,Normal,2023-03-16 16:14:10,2023-03-16 16:15:00
196,2023-03-16 16:19:10,"246,1","2,8",704,"399,9","0,5",236,"3,3","237,8","3,3","236,3","3,5","233,3",2288,0,"13,2","438,9","0,9","673,24",0,0,0,0,0,0,NormalMode,Normal,2023-03-16 16:19:10,2023-03-16 16:20:00
197,2023-03-16 16:24:10,"209,1","2,6",559,"409,3","0,5",225,"3,4","236,3","3,5","235,9","3,7","234,3",2408,0,"13,4","439,1","0,9","673,24",0,0,0,0,0,0,NormalMode,Normal,2023-03-16 16:24:10,2023-03-16 16:25:00
198,2023-03-16 16:29:10,"252,5","1,6",415,"390,2","0,5",209,"3,2",235,"3,3","236,1","3,6","234,7",2289,0,"13,6","439,3","0,9","673,24",0,0,0,0,0,0,NormalMode,Normal,2023-03-16 16:29:10,2023-03-16 16:30:00
199,2023-03-16 16:34:10,"323,5","0,8",285,"390,9","0,5",205,"3,3",238,"3,5","236,5","3,7","234,8",2390,-43,"13,8","439,5","0,9","673,24",0,0,0,0,0,0,NormalMode,Normal,2023-03-16 16:34:10,2023-03-16 16:35:00
200,2023-03-16 16:39:10,"413,3","0,5",228,"393,2","0,4",190,"3,2","237,5","3,2","236,6","3,1","233,9",2128,0,14,"439,7","0,9","673,24",0,0,0,0,0,0,NormalMode,Normal,2023-03-16 16:39:10,2023-03-16 16:40:00
201,2023-03-16 16:44:10,"284,5","0,8",232,"416,9","0,4",182,"2,8","236,1","3,3","237,2","2,8","234,4",1990,0,"14,2","439,9","0,9","673,24",0,0,0,0,0,0,NormalMode,Normal,2023-03-16 16:44:10,2023-03-16 16:45:00
202,2023-03-16 16:49:11,"319,3","0,7",239,"383,4","0,4",177,"2,5","237,1","2,7","235,1","2,5","235,2",1678,0,"14,3",440,"0,9","673,24",0,0,0,0,0,0,NormalMode,Normal,2023-03-16 16:49:11,2023-03-16 16:50:00
203,2023-03-16 16:54:11,292,"0,8",235,"410,5","0,4",177,"2,2","236,6","2,5","236,4","2,3","235,2",1488,0,"14,5","440,2","0,9","673,24",0,0,0,0,0,0,NormalMode,Normal,2023-03-16 16:54:11,2023-03-16 16:55:00
204,2023-03-16 16:59:11,"437,5","0,5",243,"414,2","0,3",164,"2,1",237,"2,4","235,5","2,3","236,4",1467,0,"14,6","440,3","0,9","673,24",0,0,0,0,0,0,NormalMode,Normal,2023-03-16 16:59:11,2023-03-16 17:00:00
205,2023-03-16 17:04:11,"479,8","0,4",226,356,"0,4",158,"2,1","236,6","2,3","237,2","2,3","237,2",1436,-42,"14,7","440,4","0,9","673,24",0,0,0,0,0,0,NormalMode,Normal,2023-03-16 17:04:11,2023-03-16 17:05:00
206,2023-03-16 17:09:11,"420,6","0,4",210,"426,7","0,3",131,"2,1","236,9","2,8","236,2","2,7",237,1655,-43,"14,8","440,5","0,9","673,24",0,0,0,0,0,0,NormalMode,Normal,2023-03-16 17:09:11,2023-03-16 17:10:00
207,2023-03-16 17:14:11,"489,7","0,4",205,"391,3","0,3",148,"2,4",237,"2,4","236,3","2,7","234,1",1609,0,15,"440,7","0,9","673,24",0,0,0,0,0,0,NormalMode,Normal,2023-03-16 17:14:11,2023-03-16 17:15:00
208,2023-03-16 17:19:11,"473,2","0,3",181,"387,9","0,3",134,"2,6","237,8","2,4","236,6","2,7",235,1665,0,"15,2","440,9","0,9","673,24",0,0,0,0,0,0,NormalMode,Normal,2023-03-16 17:19:11,2023-03-16 17:20:00
209,2023-03-16 17:24:11,"478,4","0,3",165,"404,9","0,3",128,"2,6","236,7","2,4","235,1",3,"234,9",1758,-43,"15,3",441,"0,9","673,24",0,0,0,0,0,0,NormalMode,Normal,2023-03-16 17:24:11,2023-03-16 17:25:00
210,2023-03-16 17:29:11,"512,2","0,2",136,355,"0,2",96,"2,3","237,7","2,3","234,9",3,"234,9",1675,-45,"15,4","441,2","0,9","673,24",0,0,0,0,0,0,NormalMode,Normal,2023-03-16 17:29:11,2023-03-16 17:30:00
211,2023-03-16 17:34:11,"505,9","0,2",134,"431,3","0,1",67,"1,1","235,8","1,1","234,4","1,3","235,7",330,-46,"15,5","441,2","0,9","673,24",0,0,0,0,0,0,NormalMode,Normal,2023-03-16 17:34:11,2023-03-16 17:35:00
212,2023-03-16 17:39:11,"508,7","0,2",109,"422,5","0,1",58,"1,5","234,2","0,9",234,"10,4","234,9",2567,-44,"15,7","441,4","0,9","673,24",0,0,0,0,0,0,NormalMode,Normal,2023-03-16 17:39:11,2023-03-16 17:40:00
213,2023-03-16 17:44:11,"463,6","0,1",71,"366,5","0,1",61,"1,6","235,2","1,7","234,6","4,6","236,2",1659,0,"15,8","441,5","0,9","673,24",0,0,0,0,0,0,NormalMode,Normal,2023-03-16 17:44:11,2023-03-16 17:45:00
214,2023-03-16 17:49:11,441,"0,1",71,"275,9","0,1",35,"1,2","235,3","1,1","234,3","3,7","234,9",978,0,"15,8","441,5","0,9","673,24",0,0,0,0,0,0,NormalMode,Normal,2023-03-16 17:49:11,2023-03-16 17:50:00
215,2023-03-16 17:54:11,"372,6","0,1",54,"321,2",0,0,"1,2",235,"1,1","235,1","3,7","236,1",984,0,"15,9","441,6","0,9","673,24",0,0,0,0,0,0,NormalMode,Normal,2023-03-16 17:54:11,2023-03-16 17:55:00
216,2023-03-16 17:59:11,"355,8","0,1",48,"321,6",0,0,"1,3","234,2","1,1","234,5","4,1","235,9",1151,0,16,"441,7","0,9","673,24",0,0,0,0,0,0,NormalMode,Normal,2023-03-16 17:59:11,2023-03-16 18:00:00
217,2023-03-16 18:04:11,"196,1","0,1",20,"343,6",0,0,"1,3","234,1","1,1","234,1","3,1","234,9",940,0,"16,1","441,8","0,9","673,24",0,0,0,0,0,0,NormalMode,Normal,2023-03-16 18:04:11,2023-03-16 18:05:00
218,2023-03-16 18:09:11,"188,9","0,1",19,"257,5",0,0,"1,2","234,9","1,2","233,6","3,1","233,9",978,0,"16,2","441,9","0,9","673,24",0,0,0,0,0,0,NormalMode,Normal,2023-03-16 18:09:11,2023-03-16 18:10:00
219,2023-03-16 18:14:11,0,0,0,"208,1",0,0,"1,2",236,"1,1","233,4","3,1","233,7",869,0,"16,3",442,"0,9","673,24",0,0,0,0,0,0,NormalMode,Normal,2023-03-16 18:14:11,2023-03-16 18:15:00
220,2023-03-16 18:19:11,0,0,0,"176,4",0,0,"2,8","236,5","3,1","235,3","3,7","234,6",2175,-41,"16,4","442,1","0,9","673,34",0,0,0,0,0,0,NormalMode,Normal,2023-03-16 18:19:11,2023-03-16 18:20:00
221,2023-03-16 18:24:11,0,0,0,"173,2",0,0,"3,5","235,1","3,3",234,"12,3","235,7",4434,0,"16,7","442,4","0,9","673,34",0,0,0,0,0,0,NormalMode,Normal,2023-03-16 18:24:11,2023-03-16 18:25:00
222,2023-03-16 18:29:12,0,0,0,"145,4",0,0,"3,7","235,7","3,6","235,3","12,6","235,4",4586,-48,17,"442,7","0,9","673,34",0,0,0,0,0,0,NormalMode,Normal,2023-03-16 18:29:12,2023-03-16 18:30:00
223,2023-03-16 18:34:12,0,0,0,"71,7",0,0,"3,7","235,1","3,6","236,2","3,9","236,1",2553,0,"17,2","442,9","0,9","673,34",0,0,0,0,0,0,NormalMode,Normal,2023-03-16 18:34:12,2023-03-16 18:35:00
224,2023-03-16 18:39:12,0,0,0,0,0,0,"3,4","234,5","3,7","235,5","3,7","235,6",2441,0,"17,4","443,1","0,9","673,34",0,0,0,0,0,0,NormalMode,Normal,2023-03-16 18:39:12,2023-03-16 18:40:00
225,2023-03-16 18:44:12,0,0,0,0,0,0,"3,3",235,"3,4","237,4","3,4","237,7",2298,0,"17,6","443,3","0,9","673,34",0,0,0,0,0,0,NormalMode,Normal,2023-03-16 18:44:12,2023-03-16 18:45:00
226,2023-03-16 18:49:12,0,0,0,0,0,0,3,237,"3,1","237,2","3,1","236,3",2071,0,"17,8","443,5","0,9","673,34",0,0,0,0,0,0,NormalMode,Normal,2023-03-16 18:49:12,2023-03-16 18:50:00
227,2023-03-16 18:54:12,0,0,0,0,0,0,"8,2",234,"2,8","236,9","3,2","235,5",3241,-42,18,"443,7","0,9","673,34",0,0,0,0,0,0,NormalMode,Normal,2023-03-16 18:54:12,2023-03-16 18:55:00
228,2023-03-16 18:59:12,0,0,0,0,0,0,"2,2","234,8","2,5",237,"3,1","233,4",1700,0,"18,2","443,9","0,9","673,34",0,0,0,0,0,0,NormalMode,Normal,2023-03-16 18:59:12,2023-03-16 19:00:00
229,2023-03-16 19:04:12,0,0,0,0,0,0,"2,2","233,8","3,1","237,6","3,1","235,1",1837,-44,"18,3",444,"0,9","673,34",0,0,0,0,0,0,NormalMode,Normal,2023-03-16 19:04:12,2023-03-16 19:05:00
230,2023-03-16 19:09:12,0,0,0,0,0,0,"2,2","235,7","3,1","236,7","3,1",233,1848,-44,"18,5","444,2","0,9","673,34",0,0,0,0,0,0,NormalMode,Normal,2023-03-16 19:09:12,2023-03-16 19:10:00
231,2023-03-16 19:14:12,0,0,0,0,0,0,"2,3","235,2","2,6","236,6","2,7","236,7",1662,0,"18,6","444,3","0,9","673,34",0,0,0,0,0,0,NormalMode,Normal,2023-03-16 19:14:12,2023-03-16 19:15:00
232,2023-03-16 19:19:12,0,0,0,0,0,0,"2,2","235,2","3,1","236,4","2,7","232,7",1729,0,"18,8","444,5","0,9","673,34",0,0,0,0,0,0,NormalMode,Normal,2023-03-16 19:19:12,2023-03-16 19:20:00
233,2023-03-16 19:24:12,0,0,0,0,0,0,"2,3","234,7","2,2","236,1","2,7","233,2",1549,0,"18,9","444,6","0,9","673,34",0,0,0,0,0,0,NormalMode,Normal,2023-03-16 19:24:12,2023-03-16 19:25:00
234,2023-03-16 19:29:12,0,0,0,0,0,0,8,"237,4","2,3","235,4","2,6","232,4",2916,0,19,"444,8","0,9","673,34",0,0,0,0,0,0,NormalMode,Normal,2023-03-16 19:29:12,2023-03-16 19:30:00
235,2023-03-16 19:34:12,0,0,0,0,0,0,"2,3","235,8","2,2","237,7","2,8","231,6",1558,0,"19,2","444,9",1,"673,34",0,0,0,0,0,0,NormalMode,Normal,2023-03-16 19:34:12,2023-03-16 19:35:00
236,2023-03-16 19:39:12,0,0,0,0,0,0,"2,1","237,6","2,1","237,4","2,6","233,6",1447,0,"19,3",445,1,"673,34",0,0,0,0,0,0,NormalMode,Normal,2023-03-16 19:39:12,2023-03-16 19:40:00
237,2023-03-16 19:44:12,0,0,0,0,0,0,4,"236,7","2,2","236,5",3,"235,6",2054,-340,"19,5","445,2",1,"673,34",0,0,0,0,0,0,NormalMode,Normal,2023-03-16 19:44:12,2023-03-16 19:45:00
238,2023-03-16 19:49:12,0,0,0,0,0,0,"2,1","236,1","2,1","236,7",3,"233,7",1542,0,"19,6","445,3",1,"673,34",0,0,0,0,0,0,NormalMode,Normal,2023-03-16 19:49:12,2023-03-16 19:50:00
239,2023-03-16 19:54:12,0,0,0,0,0,0,"2,1","237,6",2,"237,5",3,"235,6",1543,0,"19,8","445,5",1,"673,34",0,0,0,0,0,0,NormalMode,Normal,2023-03-16 19:54:12,2023-03-16 19:55:00
240,2023-03-16 19:59:12,0,0,0,0,0,0,"1,1","238,8",1,"237,5","1,6","234,3",390,0,"19,8","445,5",1,"673,34",0,0,0,0,0,0,NormalMode,Normal,2023-03-16 19:59:12,2023-03-16 20:00:00
241,2023-03-16 20:04:12,0,0,0,0,0,0,"1,1","237,3",1,"237,2","1,6","232,7",382,0,"19,8","445,5",1,"673,34",0,0,0,0,0,0,NormalMode,Normal,2023-03-16 20:04:12,2023-03-16 20:05:00
242,2023-03-16 20:09:13,0,0,0,0,0,0,"1,1","237,6",1,"236,8","1,3","233,4",361,0,"19,9","445,6",1,"673,34",0,0,0,0,0,0,NormalMode,Normal,2023-03-16 20:09:13,2023-03-16 20:10:00
243,2023-03-16 20:14:13,0,0,0,0,0,0,"1,1","237,4",1,238,"1,3","233,6",371,0,"19,9","445,6",1,"673,34",0,0,0,0,0,0,NormalMode,Normal,2023-03-16 20:14:13,2023-03-16 20:15:00
244,2023-03-16 20:19:13,0,0,0,0,0,0,"1,1","239,1","1,2","238,2","1,4","234,2",474,0,"19,9","445,6",1,"673,34",0,0,0,0,0,0,NormalMode,Normal,2023-03-16 20:19:13,2023-03-16 20:20:00
245,2023-03-16 20:24:13,0,0,0,0,0,0,"1,1","239,6","1,2","237,9","1,4","237,1",448,0,20,"445,7",1,"673,34",0,0,0,0,0,0,NormalMode,Normal,2023-03-16 20:24:13,2023-03-16 20:25:00
246,2023-03-16 20:29:13,0,0,0,0,0,0,"1,1","237,3","1,1","236,7","1,4","235,9",404,0,20,"445,7",1,"673,34",0,0,0,0,0,0,NormalMode,Normal,2023-03-16 20:29:13,2023-03-16 20:30:00
247,2023-03-16 20:34:13,0,0,0,0,0,0,"1,1","239,3","1,1","237,5","1,7","235,9",503,0,"20,1","445,8",1,"673,44",0,0,0,0,0,0,NormalMode,Normal,2023-03-16 20:34:13,2023-03-16 20:35:00
248,2023-03-16 20:39:13,0,0,0,0,0,0,"2,9",238,3,"236,8",4,"235,5",2263,0,"20,2","445,9",1,"673,44",0,0,0,0,0,0,NormalMode,Normal,2023-03-16 20:39:13,2023-03-16 20:40:00
249,2023-03-16 20:44:13,0,0,0,0,0,0,"3,5","237,7","3,3",237,"12,5","236,5",4504,0,"20,5","446,2",1,"673,44",0,0,0,0,0,0,NormalMode,Normal,2023-03-16 20:44:13,2023-03-16 20:45:00
250,2023-03-16 20:49:13,0,0,0,0,0,0,"3,7","238,7","3,4",237,"12,6","234,7",4568,-44,"20,9","446,6",1,"673,44",0,0,0,0,0,0,NormalMode,Normal,2023-03-16 20:49:13,2023-03-16 20:50:00
251,2023-03-16 20:54:13,0,0,0,0,0,0,"3,7","239,8","3,5","237,9","12,7","237,9",4667,0,"21,3",447,1,"673,44",0,0,0,0,0,0,NormalMode,Normal,2023-03-16 20:54:13,2023-03-16 20:55:00
252,2023-03-16 20:59:13,0,0,0,0,0,0,"3,8","239,7","3,6","237,6","12,4","237,3",4627,-42,"21,7","447,4",1,"673,44",0,0,0,0,0,0,NormalMode,Normal,2023-03-16 20:59:13,2023-03-16 21:00:00
253,2023-03-16 21:04:13,0,0,0,0,0,0,"2,9","239,9","3,1","237,5","3,4","236,1",2135,0,"21,9","447,6",1,"673,44",0,0,0,0,0,0,NormalMode,Normal,2023-03-16 21:04:13,2023-03-16 21:05:00
254,2023-03-16 21:09:13,0,0,0,0,0,0,"2,7","239,6","2,8","238,3","11,4","237,2",3914,0,"22,2","447,9",1,"673,44",0,0,0,0,0,0,NormalMode,Normal,2023-03-16 21:09:13,2023-03-16 21:10:00
255,2023-03-16 21:14:13,0,0,0,0,0,0,"2,2","239,5","2,7","237,6","2,9","236,3",1729,0,"22,4","448,1",1,"673,44",0,0,0,0,0,0,NormalMode,Normal,2023-03-16 21:14:13,2023-03-16 21:15:00
256,2023-03-16 21:19:13,0,0,0,0,0,0,"2,1","237,3","2,5","237,2","2,7","237,3",1581,-41,"22,5","448,2",1,"673,44",0,0,0,0,0,0,NormalMode,Normal,2023-03-16 21:19:13,2023-03-16 21:20:00
257,2023-03-16 21:24:13,0,0,0,0,0,0,0,0,0,0,0,0,0,-1674,"22,6","448,3",1,"673,5",0,0,0,0,0,0,IdleMode,Normal,2023-03-16 21:24:13,2023-03-16 21:25:00
258,2023-03-16 21:29:13,0,0,0,0,0,0,0,0,0,0,0,0,0,-1686,"22,6","448,3",1,"673,61",0,0,0,0,0,0,IdleMode,Normal,2023-03-16 21:29:13,2023-03-16 21:30:00
259,2023-03-16 21:34:13,0,0,0,0,0,0,0,0,0,0,0,0,0,-1713,"22,6","448,3",1,"673,73",0,0,0,0,0,0,IdleMode,Normal,2023-03-16 21:34:13,2023-03-16 21:35:00
260,2023-03-16 21:39:13,0,0,0,0,0,0,0,0,0,0,0,0,0,-1704,"22,6","448,3",1,"673,85",0,0,0,0,0,0,IdleMode,Normal,2023-03-16 21:39:13,2023-03-16 21:40:00
261,2023-03-16 21:44:13,0,0,0,0,0,0,0,0,0,0,0,0,0,-810,"22,6","448,3",1,"673,96",0,0,0,0,0,0,IdleMode,Normal,2023-03-16 21:44:13,2023-03-16 21:45:00
262,2023-03-16 21:49:13,0,0,0,0,0,0,0,0,0,0,0,0,0,-805,"22,6","448,3",1,"674,02",0,0,0,0,0,0,IdleMode,Normal,2023-03-16 21:49:13,2023-03-16 21:50:00
263,2023-03-16 21:54:14,0,0,0,0,0,0,0,0,0,0,0,0,0,-802,"22,6","448,3",1,"674,08",0,0,0,0,0,0,IdleMode,Normal,2023-03-16 21:54:14,2023-03-16 21:55:00
264,2023-03-16 21:59:14,0,0,0,0,0,0,0,0,0,0,0,0,0,-796,"22,6","448,3",1,"674,14",0,0,0,0,0,0,IdleMode,Normal,2023-03-16 21:59:14,2023-03-16 22:00:00
265,2023-03-16 22:04:14,0,0,0,0,0,0,0,0,0,0,0,0,0,-807,"22,6","448,3",1,"674,2",0,0,0,0,0,0,IdleMode,Normal,2023-03-16 22:04:14,2023-03-16 22:05:00
266,2023-03-16 22:09:14,0,0,0,0,0,0,0,0,0,0,0,0,0,-810,"22,6","448,3",1,"674,25",0,0,0,0,0,0,IdleMode,Normal,2023-03-16 22:09:14,2023-03-16 22:10:00
267,2023-03-16 22:14:14,0,0,0,0,0,0,0,0,0,0,0,0,0,-800,"22,6","448,3",1,"674,31",0,0,0,0,0,0,IdleMode,Normal,2023-03-16 22:14:14,2023-03-16 22:15:00
268,2023-03-16 22:19:14,0,0,0,0,0,0,0,0,0,0,0,0,0,-810,"22,6","448,3",1,"674,37",0,0,0,0,0,0,IdleMode,Normal,2023-03-16 22:19:14,2023-03-16 22:20:00
269,2023-03-16 22:24:14,0,0,0,0,0,0,0,0,0,0,0,0,0,-800,"22,6","448,3",1,"674,43",0,0,0,0,0,0,IdleMode,Normal,2023-03-16 22:24:14,2023-03-16 22:25:00
270,2023-03-16 22:29:14,0,0,0,0,0,0,0,0,0,0,0,0,0,-791,"22,6","448,3",1,"674,49",0,0,0,0,0,0,IdleMode,Normal,2023-03-16 22:29:14,2023-03-16 22:30:00
271,2023-03-16 22:34:14,0,0,0,0,0,0,0,0,0,0,0,0,0,-805,"22,6","448,3",1,"674,55",0,0,0,0,0,0,IdleMode,Normal,2023-03-16 22:34:14,2023-03-16 22:35:00
272,2023-03-16 22:39:14,0,0,0,0,0,0,0,0,0,0,0,0,0,-789,"22,6","448,3",1,"674,61",0,0,0,0,0,0,IdleMode,Normal,2023-03-16 22:39:14,2023-03-16 22:40:00
273,2023-03-16 22:44:14,0,0,0,0,0,0,0,0,0,0,0,0,0,-1683,"22,6","448,3",1,"674,67",0,0,0,0,0,0,IdleMode,Normal,2023-03-16 22:44:14,2023-03-16 22:45:00
274,2023-03-16 22:49:14,0,0,0,0,0,0,0,0,0,0,0,0,0,-2007,"22,6","448,3",1,"674,84",0,0,0,0,0,0,IdleMode,Normal,2023-03-16 22:49:14,2023-03-16 22:50:00
275,2023-03-16 22:54:14,0,0,0,0,0,0,0,0,0,0,0,0,0,-2089,"22,6","448,3",1,"675,02",0,0,0,0,0,0,IdleMode,Normal,2023-03-16 22:54:14,2023-03-16 22:55:00
276,2023-03-16 22:59:14,0,0,0,0,0,0,0,0,0,0,0,0,0,-2027,"22,6","448,3",1,"675,19",0,0,0,0,0,0,IdleMode,Normal,2023-03-16 22:59:14,2023-03-16 23:00:00
277,2023-03-16 23:04:14,0,0,0,0,0,0,0,0,0,0,0,0,0,-2082,"22,6","448,3",1,"675,37",0,0,0,0,0,0,IdleMode,Normal,2023-03-16 23:04:14,2023-03-16 23:05:00
278,2023-03-16 23:09:14,0,0,0,0,0,0,0,0,0,0,0,0,0,-1926,"22,6","448,3",1,"675,55",0,0,0,0,0,0,IdleMode,Normal,2023-03-16 23:09:14,2023-03-16 23:10:00
279,2023-03-16 23:14:14,0,0,0,0,0,0,0,0,0,0,0,0,0,-1764,"22,6","448,3",1,"675,71",0,0,0,0,0,0,IdleMode,Normal,2023-03-16 23:14:14,2023-03-16 23:15:00
280,2023-03-16 23:19:14,0,0,0,0,0,0,0,0,0,0,0,0,0,-1596,"22,6","448,3",1,"675,87",0,0,0,0,0,0,IdleMode,Normal,2023-03-16 23:19:14,2023-03-16 23:20:00
281,2023-03-16 23:24:14,0,0,0,0,0,0,0,0,0,0,0,0,0,-1546,"22,6","448,3",1,"675,98",0,0,0,0,0,0,IdleMode,Normal,2023-03-16 23:24:14,2023-03-16 23:25:00
282,2023-03-16 23:29:14,0,0,0,0,0,0,0,0,0,0,0,0,0,-1537,"22,6","448,3",1,"676,1",0,0,0,0,0,0,IdleMode,Normal,2023-03-16 23:29:14,2023-03-16 23:30:00
283,2023-03-16 23:34:15,0,0,0,0,0,0,0,0,0,0,0,0,0,-1516,"22,6","448,3",1,"676,22",0,0,0,0,0,0,IdleMode,Normal,2023-03-16 23:34:15,2023-03-16 23:35:00
284,2023-03-16 23:39:15,0,0,0,0,0,0,0,0,0,0,0,0,0,-1502,"22,6","448,3",1,"676,33",0,0,0,0,0,0,IdleMode,Normal,2023-03-16 23:39:15,2023-03-16 23:40:00
285,2023-03-16 23:44:15,0,0,0,0,0,0,0,0,0,0,0,0,0,-1504,"22,6","448,3",1,"676,45",0,0,0,0,0,0,IdleMode,Normal,2023-03-16 23:44:15,2023-03-16 23:45:00
286,2023-03-16 23:49:15,0,0,0,0,0,0,0,0,0,0,0,0,0,-1475,"22,6","448,3",1,"676,57",0,0,0,0,0,0,IdleMode,Normal,2023-03-16 23:49:15,2023-03-16 23:50:00
287,2023-03-16 23:54:15,0,0,0,0,0,0,0,0,0,0,0,0,0,-1483,"22,6","448,3",1,"676,69",0,0,0,0,0,0,IdleMode,Normal,2023-03-16 23:54:15,2023-03-16 23:55:00
288,2023-03-16 23:59:15,0,0,0,0,0,0,0,0,0,0,0,0,0,-1506,"22,6","448,3",1,"676,8",0,0,0,0,0,0,IdleMode,Normal,2023-03-16 23:59:15,2023-03-17 00:00:00
