,rounded_timestamp,Temperature_C,Dew_Point_C,Humidity_%,Wind,Speed_kmh,Gust_kmh,Pressure_hPa,Precip_Rate_mm,Precip_Accum_mm,UV,Solar_w/m2,dataset,timestamp
0,2023-03-16 00:05:00,-0.5,-1.11,95.0,WNW,1.77,1.77,1011.18,0.0,0.0,0.0,0.0,IVELKO9,2023-03-16 00:04:00
1,2023-03-16 00:10:00,-0.61,-1.11,95.0,WNW,1.29,1.29,1011.18,0.0,0.0,0.0,0.0,IVELKO9,2023-03-16 00:09:00
2,2023-03-16 00:15:00,-0.67,-1.17,95.0,WNW,0.8,0.8,1011.18,0.0,0.0,0.0,0.0,IVELKO9,2023-03-16 00:14:00
3,2023-03-16 00:20:00,-0.83,-1.33,95.0,WNW,0.0,0.0,1011.18,0.0,0.0,0.0,0.0,IVELKO9,2023-03-16 00:19:00
4,2023-03-16 00:25:00,-0.83,-1.33,95.0,WNW,0.16,0.16,1011.18,0.0,0.0,0.0,0.0,IVELKO9,2023-03-16 00:24:00
5,2023-03-16 00:30:00,-0.94,-1.44,95.0,WNW,0.16,0.16,1011.18,0.0,0.0,0.0,0.0,IVELKO9,2023-03-16 00:29:00
6,2023-03-16 00:35:00,-1.0,-1.5,95.0,WNW,0.16,0.16,1011.18,0.0,0.0,0.0,0.0,IVELKO9,2023-03-16 00:34:00
7,2023-03-16 00:40:00,-1.17,-1.67,95.0,WNW,0.32,0.32,1011.18,0.0,0.0,0.0,0.0,IVELKO9,2023-03-16 00:39:00
8,2023-03-16 00:45:00,-1.11,-1.61,95.0,WNW,0.16,0.16,1011.51,0.0,0.0,0.0,0.0,IVELKO9,2023-03-16 00:44:00
9,2023-03-16 00:50:00,-1.0,-1.5,95.0,WNW,0.32,0.32,1011.51,0.0,0.0,0.0,0.0,IVELKO9,2023-03-16 00:49:00
10,2023-03-16 00:55:00,-1.11,-1.61,95.0,WNW,0.0,0.0,1011.51,0.0,0.0,0.0,0.0,IVELKO9,2023-03-16 00:54:00
11,2023-03-16 01:00:00,-1.22,-1.72,95.0,WNW,0.0,0.0,1011.51,0.0,0.0,0.0,0.0,IVELKO9,2023-03-16 00:59:00
12,2023-03-16 01:05:00,-1.39,-1.89,95.0,WNW,0.0,0.0,1011.51,0.0,0.0,0.0,0.0,IVELKO9,2023-03-16 01:04:00
13,2023-03-16 01:10:00,-1.56,-2.0,96.0,WNW,0.0,0.0,1011.85,0.0,0.0,0.0,0.0,IVELKO9,2023-03-16 01:09:00
14,2023-03-16 01:15:00,-1.5,-2.0,96.0,WNW,0.0,0.0,1011.85,0.0,0.0,0.0,0.0,IVELKO9,2023-03-16 01:14:00
15,2023-03-16 01:20:00,-1.5,-2.0,96.0,WNW,0.0,0.0,1011.51,0.0,0.0,0.0,0.0,IVELKO9,2023-03-16 01:19:00
16,2023-03-16 01:25:00,-1.44,-1.89,96.0,WNW,0.16,0.16,1011.51,0.0,0.0,0.0,0.0,IVELKO9,2023-03-16 01:24:00
17,2023-03-16 01:30:00,-1.5,-1.94,96.0,WNW,0.0,0.0,1011.51,0.0,0.0,0.0,0.0,IVELKO9,2023-03-16 01:29:00
18,2023-03-16 01:35:00,-1.5,-1.94,96.0,WNW,0.16,0.16,1011.51,0.0,0.0,0.0,0.0,IVELKO9,2023-03-16 01:34:00
19,2023-03-16 01:40:00,-1.5,-1.94,96.0,WNW,0.16,0.16,1011.85,0.0,0.0,0.0,0.0,IVELKO9,2023-03-16 01:39:00
20,2023-03-16 01:45:00,-1.5,-2.0,96.0,WNW,0.32,0.32,1011.85,0.0,0.0,0.0,0.0,IVELKO9,2023-03-16 01:44:00
21,2023-03-16 01:50:00,-1.5,-1.94,96.0,WNW,0.64,0.64,1011.85,0.0,0.0,0.0,0.0,IVELKO9,2023-03-16 01:49:00
22,2023-03-16 01:55:00,-1.44,-1.83,96.0,WNW,0.48,0.48,1011.85,0.0,0.0,0.0,0.0,IVELKO9,2023-03-16 01:54:00
23,2023-03-16 02:00:00,-1.44,-1.83,96.0,WNW,0.16,0.16,1011.85,0.0,0.0,0.0,0.0,IVELKO9,2023-03-16 01:59:00
24,2023-03-16 02:05:00,-1.44,-1.94,95.0,WNW,1.13,1.13,1011.85,0.0,0.0,0.0,0.0,IVELKO9,2023-03-16 02:04:00
25,2023-03-16 02:10:00,-1.44,-1.94,95.0,WNW,1.77,1.77,1011.51,0.0,0.0,0.0,0.0,IVELKO9,2023-03-16 02:09:00
26,2023-03-16 02:15:00,-1.28,-1.78,95.0,WNW,1.77,1.77,1011.51,0.0,0.0,0.0,0.0,IVELKO9,2023-03-16 02:14:00
27,2023-03-16 02:20:00,-1.17,-1.67,95.0,WNW,0.8,0.8,1011.85,0.0,0.0,0.0,0.0,IVELKO9,2023-03-16 02:19:00
28,2023-03-16 02:25:00,-1.22,-1.72,95.0,WNW,0.64,0.64,1011.85,0.0,0.0,0.0,0.0,IVELKO9,2023-03-16 02:24:00
29,2023-03-16 02:30:00,-1.22,-1.72,95.0,WNW,0.16,0.16,1011.85,0.0,0.0,0.0,0.0,IVELKO9,2023-03-16 02:29:00
30,2023-03-16 02:35:00,-1.33,-1.83,95.0,WNW,0.16,0.16,1011.85,0.0,0.0,0.0,0.0,IVELKO9,2023-03-16 02:34:00
31,2023-03-16 02:40:00,-1.33,-1.89,95.0,WNW,0.64,0.64,1011.85,0.0,0.0,0.0,0.0,IVELKO9,2023-03-16 02:39:00
32,2023-03-16 02:45:00,-1.33,-2.0,94.0,WNW,0.97,0.97,1011.85,0.0,0.0,0.0,0.0,IVELKO9,2023-03-16 02:44:00
33,2023-03-16 02:50:00,-1.33,-2.0,94.0,WNW,0.16,0.16,1011.85,0.0,0.0,0.0,0.0,IVELKO9,2023-03-16 02:49:00
34,2023-03-16 02:55:00,-1.44,-2.11,94.0,WNW,0.0,0.0,1011.85,0.0,0.0,0.0,0.0,IVELKO9,2023-03-16 02:54:00
35,2023-03-16 03:00:00,-1.61,-2.11,95.0,WNW,0.0,0.0,1011.85,0.0,0.0,0.0,0.0,IVELKO9,2023-03-16 02:59:00
36,2023-03-16 03:05:00,-1.67,-2.17,95.0,WNW,0.48,0.48,1011.85,0.0,0.0,0.0,0.0,IVELKO9,2023-03-16 03:04:00
37,2023-03-16 03:10:00,-1.67,-2.17,95.0,WNW,0.48,0.48,1011.85,0.0,0.0,0.0,0.0,IVELKO9,2023-03-16 03:09:00
38,2023-03-16 03:15:00,-1.61,-2.22,95.0,WNW,0.0,0.0,1011.85,0.0,0.0,0.0,0.0,IVELKO9,2023-03-16 03:14:00
39,2023-03-16 03:20:00,-1.72,-2.28,95.0,WNW,0.16,0.16,1012.19,0.0,0.0,0.0,0.0,IVELKO9,2023-03-16 03:19:00
40,2023-03-16 03:25:00,-1.72,-2.22,95.0,WNW,0.0,0.0,1012.19,0.0,0.0,0.0,0.0,IVELKO9,2023-03-16 03:24:00
41,2023-03-16 03:30:00,-1.78,-2.28,95.0,WNW,0.0,0.0,1012.19,0.0,0.0,0.0,0.0,IVELKO9,2023-03-16 03:29:00
42,2023-03-16 03:35:00,-1.78,-2.28,95.0,WNW,0.48,0.48,1012.19,0.0,0.0,0.0,0.0,IVELKO9,2023-03-16 03:34:00
43,2023-03-16 03:40:00,-1.72,-2.22,95.0,WNW,0.32,0.32,1012.19,0.0,0.0,0.0,0.0,IVELKO9,2023-03-16 03:39:00
44,2023-03-16 03:45:00,-1.61,-2.33,94.0,WNW,0.16,0.16,1012.19,0.0,0.0,0.0,0.0,IVELKO9,2023-03-16 03:44:00
45,2023-03-16 03:50:00,-1.61,-2.33,94.0,WNW,0.0,0.0,1012.19,0.0,0.0,0.0,0.0,IVELKO9,2023-03-16 03:49:00
46,2023-03-16 03:55:00,-1.61,-2.33,94.0,WNW,0.97,0.97,1012.19,0.0,0.0,0.0,0.0,IVELKO9,2023-03-16 03:54:00
47,2023-03-16 04:00:00,-1.61,-2.33,94.0,WNW,1.13,1.13,1012.19,0.0,0.0,0.0,0.0,IVELKO9,2023-03-16 03:59:00
48,2023-03-16 04:05:00,-1.5,-2.33,94.0,West,2.25,2.25,1012.19,0.0,0.0,0.0,0.0,IVELKO9,2023-03-16 04:04:00
49,2023-03-16 04:10:00,-1.5,-2.39,94.0,West,1.45,1.45,1012.19,0.0,0.0,0.0,0.0,IVELKO9,2023-03-16 04:09:00
50,2023-03-16 04:15:00,-1.5,-2.39,93.0,West,2.09,2.09,1012.19,0.0,0.0,0.0,0.0,IVELKO9,2023-03-16 04:14:00
51,2023-03-16 04:20:00,-1.5,-2.44,93.0,West,1.61,1.61,1012.19,0.0,0.0,0.0,0.0,IVELKO9,2023-03-16 04:19:00
52,2023-03-16 04:25:00,-1.5,-2.44,93.0,West,2.25,2.25,1012.19,0.0,0.0,0.0,0.0,IVELKO9,2023-03-16 04:24:00
53,2023-03-16 04:30:00,-1.44,-2.33,93.0,West,1.61,1.61,1012.53,0.0,0.0,0.0,0.0,IVELKO9,2023-03-16 04:29:00
54,2023-03-16 04:35:00,-1.5,-2.44,93.0,West,1.13,1.13,1012.53,0.0,0.0,0.0,0.0,IVELKO9,2023-03-16 04:34:00
55,2023-03-16 04:40:00,-1.61,-2.44,93.0,West,0.64,0.64,1012.53,0.0,0.0,0.0,0.0,IVELKO9,2023-03-16 04:39:00
56,2023-03-16 04:45:00,-1.61,-2.33,94.0,West,1.45,1.45,1012.53,0.0,0.0,0.0,0.0,IVELKO9,2023-03-16 04:44:00
57,2023-03-16 04:50:00,-1.61,-2.33,94.0,West,1.61,1.61,1012.53,0.0,0.0,0.0,0.0,IVELKO9,2023-03-16 04:49:00
58,2023-03-16 04:55:00,-1.67,-2.39,94.0,West,0.48,0.48,1012.53,0.0,0.0,0.0,0.0,IVELKO9,2023-03-16 04:54:00
59,2023-03-16 05:00:00,-1.72,-2.44,94.0,West,0.97,0.97,1012.53,0.0,0.0,0.0,0.0,IVELKO9,2023-03-16 04:59:00
60,2023-03-16 05:05:00,-1.78,-2.44,94.0,West,0.16,0.16,1012.87,0.0,0.0,0.0,0.0,IVELKO9,2023-03-16 05:04:00
61,2023-03-16 05:10:00,-1.89,-2.56,94.0,West,0.32,0.32,1012.87,0.0,0.0,0.0,0.0,IVELKO9,2023-03-16 05:09:00
62,2023-03-16 05:15:00,-1.94,-2.61,94.0,West,0.0,0.0,1012.87,0.0,0.0,0.0,0.0,IVELKO9,2023-03-16 05:14:00
63,2023-03-16 05:20:00,-2.0,-2.72,94.0,West,0.0,0.0,1012.87,0.0,0.0,0.0,0.0,IVELKO9,2023-03-16 05:19:00
64,2023-03-16 05:25:00,-2.0,-2.72,94.0,West,0.16,0.16,1012.87,0.0,0.0,0.0,0.0,IVELKO9,2023-03-16 05:24:00
65,2023-03-16 05:30:00,-2.06,-2.78,94.0,West,0.0,0.0,1012.87,0.0,0.0,0.0,0.0,IVELKO9,2023-03-16 05:29:00
66,2023-03-16 05:35:00,-2.33,-3.0,94.0,West,0.0,0.0,1012.87,0.0,0.0,0.0,0.0,IVELKO9,2023-03-16 05:34:00
67,2023-03-16 05:40:00,-2.28,-2.83,95.0,West,0.0,0.0,1012.87,0.0,0.0,0.0,0.0,IVELKO9,2023-03-16 05:39:00
68,2023-03-16 05:45:00,-2.33,-2.83,95.0,West,0.0,0.0,1012.87,0.0,0.0,0.0,0.0,IVELKO9,2023-03-16 05:44:00
69,2023-03-16 05:50:00,-2.39,-2.89,95.0,West,0.0,0.0,1012.87,0.0,0.0,0.0,0.0,IVELKO9,2023-03-16 05:49:00
70,2023-03-16 05:55:00,-2.44,-2.94,95.0,West,0.0,0.0,1013.21,0.0,0.0,0.0,0.2,IVELKO9,2023-03-16 05:54:00
71,2023-03-16 06:00:00,-2.5,-3.11,95.0,West,0.0,0.0,1013.21,0.0,0.0,0.0,0.7,IVELKO9,2023-03-16 05:59:00
72,2023-03-16 06:05:00,-2.67,-3.17,95.0,West,0.0,0.0,1013.21,0.0,0.0,0.0,1.4,IVELKO9,2023-03-16 06:04:00
73,2023-03-16 06:10:00,-2.89,-3.39,95.0,West,0.0,0.0,1013.21,0.0,0.0,0.0,2.3,IVELKO9,2023-03-16 06:09:00
74,2023-03-16 06:15:00,-3.22,-3.72,95.0,West,0.0,0.0,1013.21,0.0,0.0,0.0,3.2,IVELKO9,2023-03-16 06:14:00
75,2023-03-16 06:20:00,-3.17,-3.67,95.0,West,0.0,0.0,1013.21,0.0,0.0,0.0,4.8,IVELKO9,2023-03-16 06:19:00
76,2023-03-16 06:25:00,-3.11,-3.44,96.0,West,0.0,0.0,1013.21,0.0,0.0,0.0,6.6,IVELKO9,2023-03-16 06:24:00
77,2023-03-16 06:30:00,-3.22,-3.5,96.0,West,0.0,0.0,1013.21,0.0,0.0,0.0,9.4,IVELKO9,2023-03-16 06:29:00
78,2023-03-16 06:35:00,-3.33,-3.61,96.0,West,0.0,0.0,1013.21,0.0,0.0,0.0,12.3,IVELKO9,2023-03-16 06:34:00
79,2023-03-16 06:40:00,-3.33,-3.61,96.0,West,0.0,0.0,1013.21,0.0,0.0,0.0,14.5,IVELKO9,2023-03-16 06:39:00
80,2023-03-16 06:45:00,-3.17,-3.5,96.0,West,0.0,0.0,1013.21,0.0,0.0,0.0,20.5,IVELKO9,2023-03-16 06:44:00
81,2023-03-16 06:50:00,-2.94,-3.17,97.0,West,0.0,0.0,1013.21,0.0,0.0,0.0,30.1,IVELKO9,2023-03-16 06:49:00
82,2023-03-16 06:55:00,-2.44,-2.67,97.0,West,0.0,0.0,1013.21,0.0,0.0,0.0,35.7,IVELKO9,2023-03-16 06:54:00
83,2023-03-16 07:00:00,-1.72,-2.11,96.0,West,0.0,0.0,1013.21,0.0,0.0,0.0,42.6,IVELKO9,2023-03-16 06:59:00
84,2023-03-16 07:05:00,-1.5,-2.28,94.0,West,0.0,0.0,1013.21,0.0,0.0,0.0,50.5,IVELKO9,2023-03-16 07:04:00
85,2023-03-16 07:10:00,-1.56,-2.44,93.0,West,0.0,0.0,1013.21,0.0,0.0,0.0,57.1,IVELKO9,2023-03-16 07:09:00
86,2023-03-16 07:15:00,-1.28,-2.28,92.0,West,0.0,0.0,1013.55,0.0,0.0,0.0,62.6,IVELKO9,2023-03-16 07:14:00
87,2023-03-16 07:20:00,-0.94,-2.06,91.0,West,0.0,0.0,1013.55,0.0,0.0,1.0,71.9,IVELKO9,2023-03-16 07:19:00
88,2023-03-16 07:25:00,-0.72,-1.94,90.0,West,0.0,0.0,1013.55,0.0,0.0,1.0,73.6,IVELKO9,2023-03-16 07:24:00
89,2023-03-16 07:30:00,-0.61,-1.94,90.0,West,0.0,0.0,1013.55,0.0,0.0,1.0,74.8,IVELKO9,2023-03-16 07:29:00
90,2023-03-16 07:35:00,-0.5,-1.94,90.0,West,1.29,1.29,1013.55,0.0,0.0,1.0,78.8,IVELKO9,2023-03-16 07:34:00
91,2023-03-16 07:40:00,-0.28,-1.83,89.0,West,0.32,0.32,1013.55,0.0,0.0,1.0,83.1,IVELKO9,2023-03-16 07:39:00
92,2023-03-16 07:45:00,-0.06,-1.67,89.0,West,0.64,0.64,1013.55,0.0,0.0,1.0,95.4,IVELKO9,2023-03-16 07:44:00
93,2023-03-16 07:50:00,-0.11,-1.67,89.0,West,1.45,1.45,1013.55,0.0,0.0,1.0,93.1,IVELKO9,2023-03-16 07:49:00
94,2023-03-16 07:55:00,0.17,-1.83,86.0,West,1.29,1.29,1013.55,0.0,0.0,1.0,103.1,IVELKO9,2023-03-16 07:54:00
95,2023-03-16 08:00:00,0.39,-1.5,87.0,West,1.29,1.29,1013.55,0.0,0.0,1.0,115.1,IVELKO9,2023-03-16 07:59:00
96,2023-03-16 08:05:00,0.33,-1.56,88.0,West,2.09,2.09,1013.55,0.0,0.0,1.0,128.4,IVELKO9,2023-03-16 08:04:00
97,2023-03-16 08:10:00,0.5,-1.39,87.0,West,0.48,0.48,1013.55,0.0,0.0,1.0,141.2,IVELKO9,2023-03-16 08:09:00
98,2023-03-16 08:15:00,1.0,-1.44,84.0,West,0.48,0.48,1013.88,0.0,0.0,1.0,154.8,IVELKO9,2023-03-16 08:14:00
99,2023-03-16 08:20:00,1.44,-1.0,84.0,West,1.29,1.29,1013.88,0.0,0.0,2.0,166.9,IVELKO9,2023-03-16 08:19:00
100,2023-03-16 08:25:00,1.67,-0.94,83.0,West,0.97,0.97,1013.88,0.0,0.0,1.0,179.7,IVELKO9,2023-03-16 08:24:00
101,2023-03-16 08:30:00,1.56,-0.94,84.0,West,1.13,1.13,1013.88,2.29,0.25,2.0,191.0,IVELKO9,2023-03-16 08:29:00
102,2023-03-16 08:35:00,1.56,-0.89,84.0,West,0.64,0.64,1013.88,2.29,0.25,2.0,202.2,IVELKO9,2023-03-16 08:34:00
103,2023-03-16 08:40:00,1.33,-1.06,85.0,West,1.93,1.93,1014.22,2.29,0.25,2.0,214.6,IVELKO9,2023-03-16 08:39:00
104,2023-03-16 08:45:00,1.33,-1.11,84.0,West,0.8,0.8,1014.22,0.0,0.25,2.0,223.8,IVELKO9,2023-03-16 08:44:00
105,2023-03-16 08:50:00,1.83,-0.89,83.0,West,0.32,0.32,1014.22,0.0,0.25,2.0,236.9,IVELKO9,2023-03-16 08:49:00
106,2023-03-16 08:55:00,2.0,-0.94,81.0,West,1.29,1.29,1014.22,0.0,0.25,3.0,247.4,IVELKO9,2023-03-16 08:54:00
107,2023-03-16 09:00:00,1.89,-1.06,82.0,West,1.29,1.29,1014.22,0.0,0.25,2.0,262.6,IVELKO9,2023-03-16 08:59:00
108,2023-03-16 09:05:00,2.44,-0.61,81.0,West,0.8,0.8,1014.22,0.0,0.25,2.0,273.3,IVELKO9,2023-03-16 09:04:00
109,2023-03-16 09:10:00,2.89,-0.44,79.0,West,0.64,0.64,1014.22,0.0,0.25,3.0,283.8,IVELKO9,2023-03-16 09:09:00
110,2023-03-16 09:15:00,3.22,-0.33,78.0,WSW,2.25,2.25,1014.22,0.0,0.25,2.0,297.8,IVELKO9,2023-03-16 09:14:00
111,2023-03-16 09:20:00,3.44,0.0,78.0,SW,2.09,2.09,1014.22,0.0,0.25,3.0,314.3,IVELKO9,2023-03-16 09:19:00
112,2023-03-16 09:25:00,2.89,-0.28,80.0,SW,2.25,2.25,1014.22,0.0,0.25,3.0,319.7,IVELKO9,2023-03-16 09:24:00
113,2023-03-16 09:30:00,2.78,-0.33,80.0,SW,1.61,1.61,1014.22,0.0,0.25,2.0,327.8,IVELKO9,2023-03-16 09:29:00
114,2023-03-16 09:35:00,3.11,-0.06,80.0,SW,1.29,1.29,1014.22,0.0,0.25,3.0,341.1,IVELKO9,2023-03-16 09:34:00
115,2023-03-16 09:40:00,3.11,-0.28,79.0,SW,1.13,1.13,1014.22,0.0,0.25,3.0,340.5,IVELKO9,2023-03-16 09:39:00
116,2023-03-16 09:45:00,3.17,-0.5,77.0,SW,1.13,1.13,1014.22,0.0,0.25,4.0,354.8,IVELKO9,2023-03-16 09:44:00
117,2023-03-16 09:50:00,3.83,-0.06,76.0,SW,1.77,1.77,1014.22,0.0,0.25,4.0,373.8,IVELKO9,2023-03-16 09:49:00
118,2023-03-16 09:55:00,3.67,-0.11,76.0,SSE,2.9,2.9,1014.22,0.0,0.25,4.0,371.7,IVELKO9,2023-03-16 09:54:00
119,2023-03-16 10:00:00,3.72,-0.33,75.0,SE,0.48,0.48,1014.22,0.0,0.25,4.0,401.2,IVELKO9,2023-03-16 09:59:00
120,2023-03-16 10:05:00,4.11,-0.17,74.0,SE,1.93,1.93,1014.22,0.0,0.25,4.0,387.3,IVELKO9,2023-03-16 10:04:00
121,2023-03-16 10:10:00,4.0,0.0,76.0,SSE,3.22,3.38,1014.22,0.0,0.25,4.0,411.9,IVELKO9,2023-03-16 10:09:00
122,2023-03-16 10:15:00,3.72,-0.11,76.0,SSE,4.02,4.02,1014.22,0.0,0.25,3.0,402.0,IVELKO9,2023-03-16 10:14:00
123,2023-03-16 10:20:00,3.67,-0.44,75.0,SSE,2.41,2.41,1014.22,0.0,0.25,4.0,418.8,IVELKO9,2023-03-16 10:19:00
124,2023-03-16 10:25:00,4.06,-0.33,73.0,SSE,2.74,2.74,1014.22,0.0,0.25,4.0,418.8,IVELKO9,2023-03-16 10:24:00
125,2023-03-16 10:30:00,4.06,-0.44,73.0,SE,1.77,1.77,1014.22,0.0,0.25,3.0,358.2,IVELKO9,2023-03-16 10:29:00
126,2023-03-16 10:35:00,4.11,-0.61,71.0,SE,1.45,1.45,1014.22,0.0,0.25,3.0,421.1,IVELKO9,2023-03-16 10:34:00
127,2023-03-16 10:40:00,4.28,-0.5,72.0,SE,2.25,2.25,1014.22,0.0,0.25,3.0,402.7,IVELKO9,2023-03-16 10:39:00
128,2023-03-16 10:45:00,4.5,-0.28,71.0,SSE,1.93,1.93,1014.56,0.0,0.25,3.0,424.2,IVELKO9,2023-03-16 10:44:00
129,2023-03-16 10:50:00,4.28,-0.61,71.0,SE,1.93,1.93,1014.56,0.0,0.25,4.0,357.2,IVELKO9,2023-03-16 10:49:00
130,2023-03-16 10:55:00,4.33,-0.67,70.0,SE,1.29,1.29,1014.56,0.0,0.25,3.0,387.1,IVELKO9,2023-03-16 10:54:00
131,2023-03-16 11:00:00,4.56,-0.72,69.0,SSE,3.7,3.86,1014.56,0.0,0.25,3.0,445.8,IVELKO9,2023-03-16 10:59:00
132,2023-03-16 11:05:00,4.56,-0.72,69.0,SSE,1.77,1.77,1014.22,0.0,0.25,3.0,470.7,IVELKO9,2023-03-16 11:04:00
133,2023-03-16 11:10:00,5.11,-0.67,67.0,SE,1.61,1.61,1014.22,0.0,0.25,4.0,485.6,IVELKO9,2023-03-16 11:09:00
134,2023-03-16 11:15:00,4.89,-0.94,66.0,ESE,4.34,4.34,1014.56,0.0,0.25,3.0,522.8,IVELKO9,2023-03-16 11:14:00
135,2023-03-16 11:20:00,4.94,-1.17,65.0,SE,1.61,1.61,1014.56,0.0,0.25,4.0,537.0,IVELKO9,2023-03-16 11:19:00
136,2023-03-16 11:25:00,5.0,-1.22,64.0,SE,4.34,4.67,1014.22,0.0,0.25,6.0,537.3,IVELKO9,2023-03-16 11:24:00
137,2023-03-16 11:30:00,4.78,-1.61,64.0,South,1.77,1.77,1014.56,0.0,0.25,6.0,540.3,IVELKO9,2023-03-16 11:29:00
138,2023-03-16 11:35:00,5.39,-1.83,60.0,SSE,2.09,2.09,1014.56,0.0,0.25,5.0,541.5,IVELKO9,2023-03-16 11:34:00
139,2023-03-16 11:40:00,5.89,-0.94,62.0,SE,2.9,2.9,1014.22,0.0,0.25,4.0,536.6,IVELKO9,2023-03-16 11:39:00
140,2023-03-16 11:45:00,5.83,-1.44,60.0,SE,2.74,2.74,1014.22,0.0,0.25,5.0,544.0,IVELKO9,2023-03-16 11:44:00
141,2023-03-16 11:50:00,5.61,-1.17,62.0,SE,2.9,2.9,1014.56,0.0,0.25,4.0,545.3,IVELKO9,2023-03-16 11:49:00
142,2023-03-16 11:55:00,5.67,-1.33,61.0,SE,2.57,2.57,1014.56,0.0,0.25,5.0,538.8,IVELKO9,2023-03-16 11:54:00
143,2023-03-16 12:00:00,5.83,-1.89,58.0,SE,1.45,1.45,1014.22,0.0,0.25,5.0,533.5,IVELKO9,2023-03-16 11:59:00
144,2023-03-16 12:05:00,5.5,-1.61,61.0,SSE,1.93,1.93,1014.22,0.0,0.25,4.0,529.2,IVELKO9,2023-03-16 12:04:00
145,2023-03-16 12:10:00,6.0,-1.83,58.0,South,1.77,1.77,1014.22,0.0,0.25,5.0,529.5,IVELKO9,2023-03-16 12:09:00
146,2023-03-16 12:15:00,6.61,-1.61,56.0,South,2.41,2.41,1014.22,0.0,0.25,5.0,533.1,IVELKO9,2023-03-16 12:14:00
147,2023-03-16 12:20:00,6.78,-1.22,57.0,South,3.06,3.06,1014.22,0.0,0.25,5.0,541.3,IVELKO9,2023-03-16 12:19:00
148,2023-03-16 12:25:00,6.33,-1.28,59.0,South,3.22,3.38,1013.88,0.0,0.25,5.0,551.7,IVELKO9,2023-03-16 12:24:00
149,2023-03-16 12:30:00,6.28,-1.44,58.0,SSE,2.57,2.74,1013.88,0.0,0.25,5.0,539.1,IVELKO9,2023-03-16 12:29:00
150,2023-03-16 12:35:00,6.06,-1.61,58.0,SSE,3.38,3.38,1013.88,0.0,0.25,4.0,543.9,IVELKO9,2023-03-16 12:34:00
151,2023-03-16 12:40:00,6.44,-1.61,57.0,SSE,1.45,1.45,1013.88,0.0,0.25,4.0,539.8,IVELKO9,2023-03-16 12:39:00
152,2023-03-16 12:45:00,6.44,-1.72,56.0,SE,3.54,3.7,1013.88,0.0,0.25,4.0,547.1,IVELKO9,2023-03-16 12:44:00
153,2023-03-16 12:50:00,6.22,-2.06,56.0,SSE,2.41,2.41,1013.88,0.0,0.25,5.0,548.4,IVELKO9,2023-03-16 12:49:00
154,2023-03-16 12:55:00,6.28,-2.28,55.0,SSE,3.54,3.7,1013.88,0.0,0.25,5.0,537.6,IVELKO9,2023-03-16 12:54:00
155,2023-03-16 13:00:00,6.06,-2.33,55.0,SE,3.7,3.86,1013.88,0.0,0.25,4.0,544.5,IVELKO9,2023-03-16 12:59:00
156,2023-03-16 13:05:00,6.67,-1.61,56.0,SSE,2.41,2.57,1013.88,0.0,0.25,4.0,525.5,IVELKO9,2023-03-16 13:04:00
157,2023-03-16 13:10:00,7.11,-1.72,54.0,South,2.74,2.74,1013.88,0.0,0.25,4.0,530.9,IVELKO9,2023-03-16 13:09:00
158,2023-03-16 13:15:00,6.28,-2.33,55.0,SSW,0.8,0.8,1013.88,0.0,0.25,5.0,518.9,IVELKO9,2023-03-16 13:14:00
159,2023-03-16 13:20:00,6.5,-1.94,55.0,SSW,0.48,0.48,1013.88,0.0,0.25,5.0,510.7,IVELKO9,2023-03-16 13:19:00
160,2023-03-16 13:25:00,7.44,-2.22,51.0,SSW,0.97,0.97,1013.88,0.0,0.25,5.0,491.7,IVELKO9,2023-03-16 13:24:00
161,2023-03-16 13:30:00,7.39,-1.83,52.0,SSE,4.34,4.51,1013.55,0.0,0.25,4.0,486.2,IVELKO9,2023-03-16 13:29:00
162,2023-03-16 13:35:00,7.0,-2.33,52.0,SE,2.41,2.41,1013.88,0.0,0.25,4.0,477.5,IVELKO9,2023-03-16 13:34:00
163,2023-03-16 13:40:00,7.33,-2.61,50.0,SE,2.25,2.25,1013.88,0.0,0.25,4.0,459.4,IVELKO9,2023-03-16 13:39:00
164,2023-03-16 13:45:00,7.83,-2.78,48.0,SE,1.77,1.77,1013.88,0.0,0.25,4.0,448.4,IVELKO9,2023-03-16 13:44:00
165,2023-03-16 13:50:00,8.33,-2.39,47.0,SSE,2.41,2.41,1013.55,0.0,0.25,4.0,468.0,IVELKO9,2023-03-16 13:49:00
166,2023-03-16 13:55:00,8.33,-2.67,46.0,SSE,1.29,1.29,1013.55,0.0,0.25,4.0,431.9,IVELKO9,2023-03-16 13:54:00
167,2023-03-16 14:00:00,8.33,-2.28,48.0,South,2.41,2.41,1013.55,0.0,0.25,4.0,432.2,IVELKO9,2023-03-16 13:59:00
168,2023-03-16 14:05:00,8.22,-1.72,50.0,South,2.25,2.25,1013.55,0.0,0.25,4.0,425.0,IVELKO9,2023-03-16 14:04:00
169,2023-03-16 14:10:00,7.89,-1.78,51.0,SSE,2.74,2.74,1013.55,0.0,0.25,3.0,425.0,IVELKO9,2023-03-16 14:09:00
170,2023-03-16 14:15:00,7.78,-1.72,52.0,SE,3.22,3.22,1013.55,0.0,0.25,3.0,414.2,IVELKO9,2023-03-16 14:14:00
171,2023-03-16 14:20:00,7.72,-1.72,52.0,SSE,3.7,3.86,1013.55,0.0,0.25,3.0,407.3,IVELKO9,2023-03-16 14:19:00
172,2023-03-16 14:25:00,7.56,-2.11,51.0,West,3.54,3.54,1013.55,0.0,0.25,3.0,399.8,IVELKO9,2023-03-16 14:24:00
173,2023-03-16 14:30:00,8.11,-1.89,50.0,SSW,3.22,3.38,1013.55,0.0,0.25,3.0,373.5,IVELKO9,2023-03-16 14:29:00
174,2023-03-16 14:35:00,8.28,-1.83,50.0,South,3.38,3.38,1013.55,0.0,0.25,3.0,371.7,IVELKO9,2023-03-16 14:34:00
175,2023-03-16 14:40:00,8.11,-2.11,49.0,WSW,3.06,3.22,1013.55,0.0,0.25,3.0,343.0,IVELKO9,2023-03-16 14:39:00
176,2023-03-16 14:45:00,7.72,-2.5,49.0,SW,2.25,2.25,1013.55,0.0,0.25,3.0,339.9,IVELKO9,2023-03-16 14:44:00
177,2023-03-16 14:50:00,8.0,-2.28,49.0,SW,3.22,3.38,1013.55,0.0,0.25,3.0,310.9,IVELKO9,2023-03-16 14:49:00
178,2023-03-16 14:55:00,8.44,-2.22,47.0,SSW,2.57,2.57,1013.21,0.0,0.25,3.0,300.6,IVELKO9,2023-03-16 14:54:00
179,2023-03-16 15:00:00,8.22,-2.56,47.0,SW,2.74,2.9,1013.21,0.0,0.25,2.0,296.3,IVELKO9,2023-03-16 14:59:00
180,2023-03-16 15:05:00,8.39,-2.5,47.0,SSW,2.57,2.57,1013.21,0.0,0.25,2.0,289.1,IVELKO9,2023-03-16 15:04:00
181,2023-03-16 15:10:00,8.44,-3.22,44.0,SSW,2.09,2.25,1013.55,0.0,0.25,2.0,277.8,IVELKO9,2023-03-16 15:09:00
182,2023-03-16 15:15:00,7.89,-3.5,45.0,SE,3.06,3.22,1013.55,0.0,0.25,2.0,262.8,IVELKO9,2023-03-16 15:14:00
183,2023-03-16 15:20:00,7.89,-3.61,44.0,SE,1.93,1.93,1013.21,0.0,0.25,2.0,249.1,IVELKO9,2023-03-16 15:19:00
184,2023-03-16 15:25:00,8.28,-3.67,43.0,SE,2.41,2.41,1013.21,0.0,0.25,2.0,228.6,IVELKO9,2023-03-16 15:24:00
185,2023-03-16 15:30:00,8.11,-4.22,42.0,SSE,3.7,3.86,1012.87,0.0,0.25,2.0,224.4,IVELKO9,2023-03-16 15:29:00
186,2023-03-16 15:35:00,8.22,-4.0,42.0,SE,2.74,2.74,1012.87,0.0,0.25,2.0,204.9,IVELKO9,2023-03-16 15:34:00
187,2023-03-16 15:40:00,8.44,-3.39,44.0,SSE,2.57,2.57,1012.87,0.0,0.25,2.0,195.4,IVELKO9,2023-03-16 15:39:00
188,2023-03-16 15:45:00,8.33,-3.28,44.0,SSE,1.77,1.77,1012.87,0.0,0.25,2.0,174.8,IVELKO9,2023-03-16 15:44:00
189,2023-03-16 15:50:00,8.0,-3.5,44.0,SSE,3.86,3.86,1012.87,0.0,0.25,2.0,172.1,IVELKO9,2023-03-16 15:49:00
190,2023-03-16 15:55:00,8.17,-3.44,44.0,SSE,0.97,0.97,1012.87,0.0,0.25,2.0,164.0,IVELKO9,2023-03-16 15:54:00
191,2023-03-16 16:00:00,8.44,-3.17,44.0,SE,3.7,3.7,1012.87,0.0,0.25,2.0,149.4,IVELKO9,2023-03-16 15:59:00
192,2023-03-16 16:05:00,7.78,-3.72,45.0,SE,2.57,2.74,1012.87,0.0,0.25,1.0,139.3,IVELKO9,2023-03-16 16:04:00
193,2023-03-16 16:10:00,7.94,-3.78,44.0,ESE,0.97,0.97,1012.87,0.0,0.25,1.0,129.7,IVELKO9,2023-03-16 16:09:00
194,2023-03-16 16:15:00,8.33,-3.5,44.0,SSE,4.18,4.34,1012.53,0.0,0.25,1.0,120.3,IVELKO9,2023-03-16 16:14:00
195,2023-03-16 16:20:00,8.06,-4.0,43.0,SSE,3.06,3.06,1012.53,0.0,0.25,1.0,109.5,IVELKO9,2023-03-16 16:19:00
196,2023-03-16 16:25:00,8.06,-3.83,43.0,SE,2.74,2.74,1012.53,0.0,0.25,1.0,101.6,IVELKO9,2023-03-16 16:24:00
197,2023-03-16 16:30:00,8.06,-3.39,45.0,SE,3.22,3.38,1012.53,0.0,0.25,1.0,86.4,IVELKO9,2023-03-16 16:29:00
198,2023-03-16 16:35:00,8.06,-3.33,45.0,SSE,0.97,0.97,1012.53,0.0,0.25,1.0,78.6,IVELKO9,2023-03-16 16:34:00
199,2023-03-16 16:40:00,7.72,-2.61,48.0,ESE,2.41,2.41,1012.87,0.0,0.25,1.0,70.2,IVELKO9,2023-03-16 16:39:00
200,2023-03-16 16:45:00,7.44,-2.56,49.0,ESE,2.57,2.57,1012.87,0.0,0.25,0.0,56.5,IVELKO9,2023-03-16 16:44:00
201,2023-03-16 16:50:00,7.5,-2.67,49.0,SE,4.34,4.51,1012.53,0.0,0.25,0.0,54.3,IVELKO9,2023-03-16 16:49:00
202,2023-03-16 16:55:00,7.39,-3.0,48.0,SSE,3.38,3.38,1012.53,0.0,0.25,0.0,53.9,IVELKO9,2023-03-16 16:54:00
203,2023-03-16 17:00:00,7.61,-2.72,48.0,SE,2.74,2.74,1012.87,0.0,0.25,0.0,51.0,IVELKO9,2023-03-16 16:59:00
204,2023-03-16 17:05:00,7.78,-2.44,49.0,SE,3.38,3.54,1012.87,0.0,0.25,0.0,47.5,IVELKO9,2023-03-16 17:04:00
205,2023-03-16 17:10:00,7.39,-2.5,50.0,SSE,4.02,4.18,1012.87,0.0,0.25,0.0,44.4,IVELKO9,2023-03-16 17:09:00
206,2023-03-16 17:15:00,7.5,-2.44,49.0,South,3.54,3.54,1012.87,0.0,0.25,0.0,41.8,IVELKO9,2023-03-16 17:14:00
207,2023-03-16 17:20:00,7.5,-2.33,50.0,SSE,0.97,0.97,1012.87,0.0,0.25,0.0,38.0,IVELKO9,2023-03-16 17:19:00
208,2023-03-16 17:25:00,7.56,-2.39,50.0,SSE,1.29,1.29,1012.53,0.0,0.25,0.0,34.5,IVELKO9,2023-03-16 17:24:00
209,2023-03-16 17:30:00,7.17,-2.61,50.0,SE,1.77,1.77,1012.53,0.0,0.25,0.0,30.5,IVELKO9,2023-03-16 17:29:00
210,2023-03-16 17:35:00,6.61,-3.28,50.0,East,1.77,1.77,1012.53,0.0,0.25,0.0,25.2,IVELKO9,2023-03-16 17:34:00
211,2023-03-16 17:40:00,6.44,-3.22,50.0,East,0.64,0.64,1012.53,0.0,0.25,0.0,22.0,IVELKO9,2023-03-16 17:39:00
212,2023-03-16 17:45:00,6.11,-3.22,52.0,East,1.45,1.45,1012.53,0.0,0.25,0.0,18.0,IVELKO9,2023-03-16 17:44:00
213,2023-03-16 17:50:00,6.06,-3.28,52.0,East,0.97,0.97,1012.53,0.0,0.25,0.0,12.6,IVELKO9,2023-03-16 17:49:00
214,2023-03-16 17:55:00,5.83,-3.28,52.0,East,0.48,0.48,1012.53,0.0,0.25,0.0,8.6,IVELKO9,2023-03-16 17:54:00
215,2023-03-16 18:00:00,5.56,-3.33,53.0,East,0.0,0.0,1012.87,0.0,0.25,0.0,5.7,IVELKO9,2023-03-16 17:59:00
216,2023-03-16 18:05:00,5.5,-3.33,53.0,East,0.0,0.0,1012.87,0.0,0.25,0.0,4.2,IVELKO9,2023-03-16 18:04:00
217,2023-03-16 18:10:00,5.11,-3.39,55.0,East,0.0,0.0,1012.87,0.0,0.25,0.0,2.9,IVELKO9,2023-03-16 18:09:00
218,2023-03-16 18:15:00,4.78,-3.44,56.0,East,0.0,0.0,1012.87,0.0,0.25,0.0,1.9,IVELKO9,2023-03-16 18:14:00
219,2023-03-16 18:20:00,4.5,-3.39,57.0,East,0.0,0.0,1012.87,0.0,0.25,0.0,1.0,IVELKO9,2023-03-16 18:19:00
220,2023-03-16 18:25:00,4.17,-3.39,59.0,East,0.0,0.0,1012.87,0.0,0.25,0.0,0.3,IVELKO9,2023-03-16 18:24:00
221,2023-03-16 18:30:00,4.0,-3.44,59.0,East,0.0,0.0,1012.87,0.0,0.25,0.0,0.0,IVELKO9,2023-03-16 18:29:00
222,2023-03-16 18:35:00,3.89,-3.33,60.0,East,0.0,0.0,1012.87,0.0,0.25,0.0,0.0,IVELKO9,2023-03-16 18:34:00
223,2023-03-16 18:40:00,3.5,-3.11,62.0,East,0.0,0.0,1012.87,0.0,0.25,0.0,0.0,IVELKO9,2023-03-16 18:39:00
224,2023-03-16 18:45:00,3.0,-3.17,64.0,East,0.0,0.0,1012.87,0.0,0.25,0.0,0.0,IVELKO9,2023-03-16 18:44:00
225,2023-03-16 18:50:00,2.94,-3.06,65.0,East,0.0,0.0,1012.53,0.0,0.25,0.0,0.0,IVELKO9,2023-03-16 18:49:00
226,2023-03-16 18:55:00,2.61,-3.11,66.0,East,0.0,0.0,1012.53,0.0,0.25,0.0,0.0,IVELKO9,2023-03-16 18:54:00
227,2023-03-16 19:00:00,2.56,-3.11,66.0,East,0.0,0.0,1012.87,0.0,0.25,0.0,0.0,IVELKO9,2023-03-16 18:59:00
228,2023-03-16 19:05:00,2.44,-3.06,67.0,East,0.0,0.0,1012.87,0.0,0.25,0.0,0.0,IVELKO9,2023-03-16 19:04:00
229,2023-03-16 19:10:00,2.0,-3.11,69.0,East,0.0,0.0,1012.87,0.0,0.25,0.0,0.0,IVELKO9,2023-03-16 19:09:00
230,2023-03-16 19:15:00,1.78,-3.11,70.0,East,0.0,0.0,1012.87,0.0,0.25,0.0,0.0,IVELKO9,2023-03-16 19:14:00
231,2023-03-16 19:20:00,1.89,-3.22,69.0,East,0.0,0.0,1012.87,0.0,0.25,0.0,0.0,IVELKO9,2023-03-16 19:19:00
232,2023-03-16 19:25:00,2.11,-3.28,68.0,East,0.0,0.0,1012.87,0.0,0.25,0.0,0.0,IVELKO9,2023-03-16 19:24:00
233,2023-03-16 19:30:00,2.06,-3.22,68.0,East,0.16,0.16,1012.87,0.0,0.25,0.0,0.0,IVELKO9,2023-03-16 19:29:00
234,2023-03-16 19:35:00,2.06,-3.22,68.0,East,0.16,0.16,1012.53,0.0,0.25,0.0,0.0,IVELKO9,2023-03-16 19:34:00
235,2023-03-16 19:40:00,2.06,-2.94,69.0,East,0.48,0.48,1012.53,0.0,0.25,0.0,0.0,IVELKO9,2023-03-16 19:39:00
236,2023-03-16 19:45:00,2.06,-2.78,71.0,East,0.16,0.16,1012.53,0.0,0.25,0.0,0.0,IVELKO9,2023-03-16 19:44:00
237,2023-03-16 19:50:00,1.78,-2.72,72.0,East,0.0,0.0,1012.53,0.0,0.25,0.0,0.0,IVELKO9,2023-03-16 19:49:00
238,2023-03-16 19:55:00,1.56,-2.72,74.0,East,0.0,0.0,1012.87,0.0,0.25,0.0,0.0,IVELKO9,2023-03-16 19:54:00
239,2023-03-16 20:00:00,1.5,-2.61,74.0,East,0.0,0.0,1012.87,0.0,0.25,0.0,0.0,IVELKO9,2023-03-16 19:59:00
240,2023-03-16 20:05:00,1.5,-2.61,74.0,East,0.0,0.0,1012.53,0.0,0.25,0.0,0.0,IVELKO9,2023-03-16 20:04:00
241,2023-03-16 20:10:00,1.56,-2.61,74.0,East,0.16,0.16,1012.19,0.0,0.25,0.0,0.0,IVELKO9,2023-03-16 20:09:00
242,2023-03-16 20:15:00,1.72,-2.61,73.0,East,0.16,0.16,1012.53,0.0,0.25,0.0,0.0,IVELKO9,2023-03-16 20:14:00
243,2023-03-16 20:20:00,1.83,-2.5,73.0,East,0.16,0.16,1012.53,0.0,0.25,0.0,0.0,IVELKO9,2023-03-16 20:19:00
244,2023-03-16 20:25:00,1.78,-2.44,74.0,East,0.16,0.16,1012.53,0.0,0.25,0.0,0.0,IVELKO9,2023-03-16 20:24:00
245,2023-03-16 20:30:00,1.67,-2.5,74.0,East,0.32,0.32,1012.53,0.0,0.25,0.0,0.0,IVELKO9,2023-03-16 20:29:00
246,2023-03-16 20:35:00,1.72,-2.5,74.0,East,0.32,0.32,1012.53,0.0,0.25,0.0,0.0,IVELKO9,2023-03-16 20:34:00
247,2023-03-16 20:40:00,1.89,-2.33,74.0,East,0.16,0.16,1012.53,0.0,0.25,0.0,0.0,IVELKO9,2023-03-16 20:39:00
248,2023-03-16 20:45:00,1.78,-2.5,73.0,East,0.8,0.8,1012.53,0.0,0.25,0.0,0.0,IVELKO9,2023-03-16 20:44:00
249,2023-03-16 20:50:00,1.89,-2.39,74.0,East,0.16,0.16,1012.53,0.0,0.25,0.0,0.0,IVELKO9,2023-03-16 20:49:00
250,2023-03-16 20:55:00,1.83,-2.39,74.0,East,0.16,0.16,1012.53,0.0,0.25,0.0,0.0,IVELKO9,2023-03-16 20:54:00
251,2023-03-16 21:00:00,1.78,-2.44,74.0,East,0.48,0.48,1012.53,0.0,0.25,0.0,0.0,IVELKO9,2023-03-16 20:59:00
252,2023-03-16 21:05:00,1.78,-2.44,74.0,East,0.16,0.16,1012.53,0.0,0.25,0.0,0.0,IVELKO9,2023-03-16 21:04:00
253,2023-03-16 21:10:00,1.83,-2.56,73.0,East,0.97,0.97,1012.19,0.0,0.25,0.0,0.0,IVELKO9,2023-03-16 21:09:00
254,2023-03-16 21:15:00,1.94,-2.44,73.0,East,0.97,0.97,1012.19,0.0,0.25,0.0,0.0,IVELKO9,2023-03-16 21:14:00
255,2023-03-16 21:20:00,1.94,-2.39,74.0,East,0.16,0.16,1012.19,0.0,0.25,0.0,0.0,IVELKO9,2023-03-16 21:19:00
256,2023-03-16 21:25:00,1.72,-2.39,74.0,East,0.16,0.16,1012.19,0.0,0.25,0.0,0.0,IVELKO9,2023-03-16 21:24:00
257,2023-03-16 21:30:00,1.56,-2.44,75.0,East,0.0,0.0,1012.19,0.0,0.25,0.0,0.0,IVELKO9,2023-03-16 21:29:00
258,2023-03-16 21:35:00,1.44,-2.5,75.0,East,0.0,0.0,1012.19,0.0,0.25,0.0,0.0,IVELKO9,2023-03-16 21:34:00
259,2023-03-16 21:40:00,1.33,-2.56,76.0,East,0.0,0.0,1012.19,0.0,0.25,0.0,0.0,IVELKO9,2023-03-16 21:39:00
260,2023-03-16 21:45:00,1.17,-2.61,76.0,East,0.0,0.0,1012.19,0.0,0.25,0.0,0.0,IVELKO9,2023-03-16 21:44:00
261,2023-03-16 21:50:00,1.17,-2.78,75.0,East,0.0,0.0,1012.19,0.0,0.25,0.0,0.0,IVELKO9,2023-03-16 21:49:00
262,2023-03-16 21:55:00,1.17,-2.83,75.0,East,0.16,0.16,1012.19,0.0,0.25,0.0,0.0,IVELKO9,2023-03-16 21:54:00
263,2023-03-16 22:00:00,1.33,-3.0,73.0,East,0.16,0.16,1011.85,0.0,0.25,0.0,0.0,IVELKO9,2023-03-16 21:59:00
264,2023-03-16 22:05:00,1.39,-2.94,73.0,East,0.48,0.48,1011.85,0.0,0.25,0.0,0.0,IVELKO9,2023-03-16 22:04:00
265,2023-03-16 22:10:00,1.39,-3.06,72.0,East,0.48,0.48,1011.85,0.0,0.25,0.0,0.0,IVELKO9,2023-03-16 22:09:00
266,2023-03-16 22:15:00,1.5,-2.89,73.0,East,0.0,0.0,1011.85,0.0,0.25,0.0,0.0,IVELKO9,2023-03-16 22:14:00
267,2023-03-16 22:20:00,1.33,-3.0,73.0,East,0.0,0.0,1012.19,0.0,0.25,0.0,0.0,IVELKO9,2023-03-16 22:19:00
268,2023-03-16 22:25:00,1.17,-3.0,74.0,East,0.0,0.0,1012.19,0.0,0.25,0.0,0.0,IVELKO9,2023-03-16 22:24:00
269,2023-03-16 22:30:00,1.06,-2.94,75.0,East,0.0,0.0,1012.19,0.0,0.25,0.0,0.0,IVELKO9,2023-03-16 22:29:00
270,2023-03-16 22:35:00,0.83,-2.89,76.0,East,0.0,0.0,1012.19,0.0,0.25,0.0,0.0,IVELKO9,2023-03-16 22:34:00
271,2023-03-16 22:40:00,0.67,-2.89,77.0,East,0.0,0.0,1012.19,0.0,0.25,0.0,0.0,IVELKO9,2023-03-16 22:39:00
272,2023-03-16 22:45:00,0.5,-2.94,78.0,East,0.0,0.0,1011.85,0.0,0.25,0.0,0.0,IVELKO9,2023-03-16 22:44:00
273,2023-03-16 22:50:00,0.39,-2.94,79.0,East,0.0,0.0,1011.85,0.0,0.25,0.0,0.0,IVELKO9,2023-03-16 22:49:00
274,2023-03-16 22:55:00,0.44,-2.89,79.0,East,0.16,0.16,1011.85,0.0,0.25,0.0,0.0,IVELKO9,2023-03-16 22:54:00
275,2023-03-16 23:00:00,0.44,-2.83,79.0,East,0.16,0.16,1011.85,0.0,0.25,0.0,0.0,IVELKO9,2023-03-16 22:59:00
276,2023-03-16 23:05:00,0.39,-2.94,79.0,East,0.32,0.32,1011.85,0.0,0.25,0.0,0.0,IVELKO9,2023-03-16 23:04:00
277,2023-03-16 23:10:00,0.39,-2.94,79.0,East,0.0,0.0,1011.85,0.0,0.25,0.0,0.0,IVELKO9,2023-03-16 23:09:00
278,2023-03-16 23:15:00,0.17,-3.06,79.0,East,0.16,0.16,1011.85,0.0,0.25,0.0,0.0,IVELKO9,2023-03-16 23:14:00
279,2023-03-16 23:20:00,0.28,-3.0,79.0,East,0.0,0.0,1011.85,0.0,0.25,0.0,0.0,IVELKO9,2023-03-16 23:19:00
280,2023-03-16 23:25:00,0.28,-3.0,79.0,East,0.32,0.32,1011.85,0.0,0.25,0.0,0.0,IVELKO9,2023-03-16 23:24:00
281,2023-03-16 23:30:00,0.17,-3.11,79.0,East,0.16,0.16,1011.85,0.0,0.25,0.0,0.0,IVELKO9,2023-03-16 23:29:00
282,2023-03-16 23:35:00,0.22,-3.06,79.0,East,0.32,0.32,1011.85,0.0,0.25,0.0,0.0,IVELKO9,2023-03-16 23:34:00
283,2023-03-16 23:40:00,0.22,-3.0,79.0,East,0.0,0.0,1011.85,0.0,0.25,0.0,0.0,IVELKO9,2023-03-16 23:39:00
284,2023-03-16 23:45:00,0.11,-2.94,80.0,East,0.0,0.0,1011.85,0.0,0.25,0.0,0.0,IVELKO9,2023-03-16 23:44:00
285,2023-03-16 23:50:00,0.06,-3.0,80.0,East,0.16,0.16,1011.51,0.0,0.25,0.0,0.0,IVELKO9,2023-03-16 23:49:00
286,2023-03-16 23:55:00,-0.11,-3.0,81.0,East,0.64,0.64,1011.51,0.0,0.25,0.0,0.0,IVELKO9,2023-03-16 23:54:00
