Rok;Mesic;Den;Hodnota;
2010;01;1;1470;
2010;01;2;2092;
2010;01;3;2818;
2010;01;4;1830;
2010;01;5;3083;
2010;01;6;1842;
2010;01;7;1919;
2010;01;8;1063;
2010;01;9;1219;
2010;01;10;1005;
2010;01;11;3401;
2010;01;12;1681;
2010;01;13;1903;
2010;01;14;1437;
2010;01;15;1857;
2010;01;16;2183;
2010;01;17;1708;
2010;01;18;2555;
2010;01;19;2538;
2010;01;20;2358;
2010;01;21;2647;
2010;01;22;5258;
2010;01;23;4995;
2010;01;24;6174;
2010;01;25;4850;
2010;01;26;6628;
2010;01;27;5585;
2010;01;28;1844;
2010;01;29;3901;
2010;01;30;6882;
2010;01;31;5903;
2010;02;1;3721;
2010;02;2;6279;
2010;02;3;6044;
2010;02;4;7138;
2010;02;5;2345;
2010;02;6;2844;
2010;02;7;5981;
2010;02;8;6546;
2010;02;9;3342;
2010;02;10;1794;
2010;02;11;3962;
2010;02;12;4411;
2010;02;13;3079;
2010;02;14;3547;
2010;02;15;3945;
2010;02;16;5266;
2010;02;17;2465;
2010;02;18;2084;
2010;02;19;3069;
2010;02;20;4726;
2010;02;21;9833;
2010;02;22;9397;
2010;02;23;7445;
2010;02;24;6073;
2010;02;25;9667;
2010;02;26;4028;
2010;02;27;10384;
2010;02;28;6344;
2010;03;1;5255;
2010;03;2;8554;
2010;03;3;9359;
2010;03;4;11183;
2010;03;5;10474;
2010;03;6;7918;
2010;03;7;13203;
2010;03;8;7926;
2010;03;9;14898;
2010;03;10;13186;
2010;03;11;5991;
2010;03;12;2920;
2010;03;13;3321;
2010;03;14;6375;
2010;03;15;13181;
2010;03;16;9058;
2010;03;17;5095;
2010;03;18;15348;
2010;03;19;11148;
2010;03;20;6386;
2010;03;21;6714;
2010;03;22;17478;
2010;03;23;14840;
2010;03;24;15369;
2010;03;25;14986;
2010;03;26;16467;
2010;03;27;7674;
2010;03;28;10972;
2010;03;29;6472;
2010;03;30;16662;
2010;03;31;2447;
2010;04;1;15930;
2010;04;2;13662;
2010;04;3;16994;
2010;04;4;15161;
2010;04;5;5747;
2010;04;6;19737;
2010;04;7;21562;
2010;04;8;20926;
2010;04;9;14232;
2010;04;10;11615;
2010;04;11;7167;
2010;04;12;9117;
2010;04;13;11442;
2010;04;14;8416;
2010;04;15;4106;
2010;04;16;17080;
2010;04;17;23434;
2010;04;18;19834;
2010;04;19;21286;
2010;04;20;17926;
2010;04;21;14592;
2010;04;22;21742;
2010;04;23;24842;
2010;04;24;24252;
2010;04;25;23924;
2010;04;26;16035;
2010;04;27;16748;
2010;04;28;22366;
2010;04;29;24538;
2010;04;30;20871;
2010;05;1;15749;
2010;05;2;9905;
2010;05;3;8683;
2010;05;4;8003;
2010;05;5;13058;
2010;05;6;11809;
2010;05;7;22505;
2010;05;8;14566;
2010;05;9;25342;
2010;05;10;11128;
2010;05;11;15373;
2010;05;12;10020;
2010;05;13;14651;
2010;05;14;4268;
2010;05;15;12123;
2010;05;16;9206;
2010;05;17;8582;
2010;05;18;11976;
2010;05;19;3831;
2010;05;20;12083;
2010;05;21;19876;
2010;05;22;19052;
2010;05;23;20598;
2010;05;24;15389;
2010;05;25;17407;
2010;05;26;11345;
2010;05;27;11914;
2010;05;28;22009;
2010;05;29;25066;
2010;05;30;14177;
2010;05;31;7942;
2010;06;1;9487;
2010;06;2;2558;
2010;06;3;3595;
2010;06;4;28507;
2010;06;5;30286;
2010;06;6;29825;
2010;06;7;19452;
2010;06;8;24873;
2010;06;9;24593;
2010;06;10;25311;
2010;06;11;28100;
2010;06;12;24131;
2010;06;13;20267;
2010;06;14;11448;
2010;06;15;20078;
2010;06;16;22333;
2010;06;17;30929;
2010;06;18;13647;
2010;06;19;22099;
2010;06;20;16078;
2010;06;21;11648;
2010;06;22;26310;
2010;06;23;23201;
2010;06;24;23091;
2010;06;25;23675;
2010;06;26;16703;
2010;06;27;30857;
2010;06;28;30535;
2010;06;29;28930;
2010;06;30;25047;
2010;07;1;27746;
2010;07;2;28839;
2010;07;3;29047;
2010;07;4;29043;
2010;07;5;26806;
2010;07;6;10454;
2010;07;7;28816;
2010;07;8;29777;
2010;07;9;28988;
2010;07;10;28694;
2010;07;11;28887;
2010;07;12;26072;
2010;07;13;21531;
2010;07;14;22155;
2010;07;15;20300;
2010;07;16;27280;
2010;07;17;18554;
2010;07;18;5556;
2010;07;19;24172;
2010;07;20;17053;
2010;07;21;25047;
2010;07;22;26528;
2010;07;23;11245;
2010;07;24;4793;
2010;07;25;10387;
2010;07;26;14785;
2010;07;27;21806;
2010;07;28;18189;
2010;07;29;16359;
2010;07;30;6507;
2010;07;31;17832;
2010;08;1;26610;
2010;08;2;20850;
2010;08;3;8623;
2010;08;4;21520;
2010;08;5;19602;
2010;08;6;5549;
2010;08;7;5952;
2010;08;8;17746;
2010;08;9;12914;
2010;08;10;21970;
2010;08;11;22873;
2010;08;12;20828;
2010;08;13;12371;
2010;08;14;13092;
2010;08;15;16944;
2010;08;16;15808;
2010;08;17;5411;
2010;08;18;8202;
2010;08;19;13970;
2010;08;20;23476;
2010;08;21;22599;
2010;08;22;22280;
2010;08;23;16361;
2010;08;24;13351;
2010;08;25;18845;
2010;08;26;11181;
2010;08;27;6246;
2010;08;28;8156;
2010;08;29;14056;
2010;08;30;10124;
2010;08;31;3433;
2010;09;1;17972;
2010;09;2;11044;
2010;09;3;14381;
2010;09;4;10222;
2010;09;5;14449;
2010;09;6;18395;
2010;09;7;18586;
2010;09;8;9398;
2010;09;9;6241;
2010;09;10;14571;
2010;09;11;17537;
2010;09;12;17651;
2010;09;13;11103;
2010;09;14;8745;
2010;09;15;3663;
2010;09;16;13480;
2010;09;17;11206;
2010;09;18;15177;
2010;09;19;13877;
2010;09;20;14957;
2010;09;21;16587;
2010;09;22;15394;
2010;09;23;15815;
2010;09;24;12210;
2010;09;25;7148;
2010;09;26;800;
2010;09;27;1683;
2010;09;28;1150;
2010;09;29;3865;
2010;09;30;11447;
2010;10;1;7903;
2010;10;2;12340;
2010;10;3;7818;
2010;10;4;3822;
2010;10;5;3045;
2010;10;6;5257;
2010;10;7;9167;
2010;10;8;12691;
2010;10;9;12848;
2010;10;10;13015;
2010;10;11;12715;
2010;10;12;11939;
2010;10;13;12152;
2010;10;14;11475;
2010;10;15;3252;
2010;10;16;3535;
2010;10;17;9694;
2010;10;18;4656;
2010;10;19;4645;
2010;10;20;4955;
2010;10;21;5712;
2010;10;22;9730;
2010;10;23;9253;
2010;10;24;2305;
2010;10;25;3427;
2010;10;26;6369;
2010;10;27;9535;
2010;10;28;6399;
2010;10;29;9230;
2010;10;30;8737;
2010;10;31;6769;
2010;11;1;5592;
2010;11;2;6323;
2010;11;3;4347;
2010;11;4;1092;
2010;11;5;3151;
2010;11;6;1487;
2010;11;7;2672;
2010;11;8;1338;
2010;11;9;5324;
2010;11;10;3356;
2010;11;11;4977;
2010;11;12;4416;
2010;11;13;2371;
2010;11;14;6673;
2010;11;15;4337;
2010;11;16;762;
2010;11;17;1193;
2010;11;18;889;
2010;11;19;2469;
2010;11;20;3471;
2010;11;21;1096;
2010;11;22;278;
2010;11;23;1143;
2010;11;24;1177;
2010;11;25;3934;
2010;11;26;2058;
2010;11;27;4534;
2010;11;28;2700;
2010;11;29;1462;
2010;11;30;4093;
2010;12;1;1056;
2010;12;2;2805;
2010;12;3;1939;
2010;12;4;1632;
2010;12;5;2928;
2010;12;6;1780;
2010;12;7;1253;
2010;12;8;1695;
2010;12;9;1755;
2010;12;10;2980;
2010;12;11;910;
2010;12;12;1785;
2010;12;13;4430;
2010;12;14;2181;
2010;12;15;2372;
2010;12;16;4013;
2010;12;17;2353;
2010;12;18;2559;
2010;12;19;1830;
2010;12;20;2002;
2010;12;21;1060;
2010;12;22;1540;
2010;12;23;1471;
2010;12;24;735;
2010;12;25;847;
2010;12;26;3738;
2010;12;27;2374;
2010;12;28;3682;
2010;12;29;1110;
2010;12;30;1619;
2010;12;31;1304;
2011;01;1;1468;
2011;01;2;1708;
2011;01;3;3017;
2011;01;4;3910;
2011;01;5;1378;
2011;01;6;2010;
2011;01;7;1689;
2011;01;8;1286;
2011;01;9;3503;
2011;01;10;1487;
2011;01;11;837;
2011;01;12;1648;
2011;01;13;1493;
2011;01;14;673;
2011;01;15;2404;
2011;01;16;4211;
2011;01;17;5314;
2011;01;18;1838;
2011;01;19;982;
2011;01;20;2054;
2011;01;21;1651;
2011;01;22;5181;
2011;01;23;1319;
2011;01;24;3047;
2011;01;25;1894;
2011;01;26;3778;
2011;01;27;2804;
2011;01;28;6669;
2011;01;29;7311;
2011;01;30;7329;
2011;01;31;6863;
2011;02;1;1746;
2011;02;2;2326;
2011;02;3;3185;
2011;02;4;3081;
2011;02;5;2434;
2011;02;6;1899;
2011;02;7;7166;
2011;02;8;4480;
2011;02;9;8857;
2011;02;10;8009;
2011;02;11;2943;
2011;02;12;9811;
2011;02;13;3544;
2011;02;14;1843;
2011;02;15;6411;
2011;02;16;1395;
2011;02;17;1929;
2011;02;18;2548;
2011;02;19;2593;
2011;02;20;9107;
2011;02;21;10635;
2011;02;22;10343;
2011;02;23;10455;
2011;02;24;11349;
2011;02;25;11614;
2011;02;26;11443;
2011;02;27;8993;
2011;02;28;11933;
2011;03;1;12252;
2011;03;2;13228;
2011;03;3;10251;
2011;03;4;13054;
2011;03;5;11174;
2011;03;6;13126;
2011;03;7;14963;
2011;03;8;14718;
2011;03;9;12522;
2011;03;10;4735;
2011;03;11;4857;
2011;03;12;13301;
2011;03;13;11597;
2011;03;14;10193;
2011;03;15;13762;
2011;03;16;7941;
2011;03;17;2067;
2011;03;18;942;
2011;03;19;8273;
2011;03;20;7975;
2011;03;21;16985;
2011;03;22;16616;
2011;03;23;15867;
2011;03;24;17556;
2011;03;25;9816;
2011;03;26;11453;
2011;03;27;15206;
2011;03;28;17141;
2011;03;29;19203;
2011;03;30;18691;
2011;03;31;9978;
2011;04;1;13659;
2011;04;2;9287;
2011;04;3;18128;
2011;04;4;4070;
2011;04;5;15333;
2011;04;6;8054;
2011;04;7;16820;
2011;04;8;10836;
2011;04;9;20648;
2011;04;10;18503;
2011;04;11;14959;
2011;04;12;10638;
2011;04;13;4868;
2011;04;14;6250;
2011;04;15;10724;
2011;04;16;22813;
2011;04;17;13222;
2011;04;18;20636;
2011;04;19;22010;
2011;04;20;23468;
2011;04;21;23413;
2011;04;22;23910;
2011;04;23;22309;
2011;04;24;21164;
2011;04;25;12939;
2011;04;26;9942;
2011;04;27;16234;
2011;04;28;14985;
2011;04;29;15796;
2011;04;30;14523;
2011;05;1;18821;
2011;05;2;15516;
2011;05;3;5205;
2011;05;4;19732;
2011;05;5;18828;
2011;05;6;26959;
2011;05;7;27327;
2011;05;8;21061;
2011;05;9;26729;
2011;05;10;27087;
2011;05;11;26474;
2011;05;12;18200;
2011;05;13;17663;
2011;05;14;16778;
2011;05;15;8875;
2011;05;16;20184;
2011;05;17;11575;
2011;05;18;27417;
2011;05;19;25681;
2011;05;20;26113;
2011;05;21;21739;
2011;05;22;24178;
2011;05;23;27250;
2011;05;24;28324;
2011;05;25;29392;
2011;05;26;29250;
2011;05;27;5515;
2011;05;28;10551;
2011;05;29;27050;
2011;05;30;29135;
2011;05;31;27785;
2011;06;1;12524;
2011;06;2;18229;
2011;06;3;25252;
2011;06;4;20868;
2011;06;5;26686;
2011;06;6;26093;
2011;06;7;28353;
2011;06;8;20918;
2011;06;9;13055;
2011;06;10;20495;
2011;06;11;27871;
2011;06;12;10822;
2011;06;13;26901;
2011;06;14;20078;
2011;06;15;28660;
2011;06;16;26522;
2011;06;17;20894;
2011;06;18;10703;
2011;06;19;20963;
2011;06;20;17611;
2011;06;21;12160;
2011;06;22;25547;
2011;06;23;25764;
2011;06;24;21726;
2011;06;25;22503;
2011;06;26;8514;
2011;06;27;23369;
2011;06;28;30908;
2011;06;29;29557;
2011;06;30;15719;
2011;07;1;24226;
2011;07;2;13436;
2011;07;3;2879;
2011;07;4;6535;
2011;07;5;18236;
2011;07;6;29307;
2011;07;7;24560;
2011;07;8;15572;
2011;07;9;25901;
2011;07;10;26074;
2011;07;11;17979;
2011;07;12;29372;
2011;07;13;20323;
2011;07;14;14425;
2011;07;15;21609;
2011;07;16;27386;
2011;07;17;28551;
2011;07;18;15025;
2011;07;19;23105;
2011;07;20;8900;
2011;07;21;1934;
2011;07;22;6686;
2011;07;23;26769;
2011;07;24;13157;
2011;07;25;24264;
2011;07;26;10301;
2011;07;27;16224;
2011;07;28;21943;
2011;07;29;20395;
2011;07;30;3453;
2011;07;31;5187;
2011;08;1;9828;
2011;08;2;20776;
2011;08;3;23904;
2011;08;4;13305;
2011;08;5;19532;
2011;08;6;16758;
2011;08;7;8172;
2011;08;8;8141;
2011;08;9;16620;
2011;08;10;12294;
2011;08;11;19527;
2011;08;12;16919;
2011;08;13;11486;
2011;08;14;20073;
2011;08;15;7364;
2011;08;16;19933;
2011;08;17;21787;
2011;08;18;22339;
2011;08;19;13527;
2011;08;20;23833;
2011;08;21;20502;
2011;08;22;21232;
2011;08;23;20674;
2011;08;24;18549;
2011;08;25;19773;
2011;08;26;21192;
2011;08;27;10682;
2011;08;28;17717;
2011;08;29;20204;
2011;08;30;19268;
2011;08;31;20174;
2011;09;1;15694;
2011;09;2;20260;
2011;09;3;19763;
2011;09;4;18760;
2011;09;5;8794;
2011;09;6;19619;
2011;09;7;6153;
2011;09;8;3405;
2011;09;9;12520;
2011;09;10;8427;
2011;09;11;18062;
2011;09;12;16419;
2011;09;13;11196;
2011;09;14;14454;
2011;09;15;16759;
2011;09;16;16440;
2011;09;17;14545;
2011;09;18;9665;
2011;09;19;2968;
2011;09;20;2171;
2011;09;21;6155;
2011;09;22;10112;
2011;09;23;14486;
2011;09;24;15680;
2011;09;25;15201;
2011;09;26;15130;
2011;09;27;14282;
2011;09;28;15471;
2011;09;29;14020;
2011;09;30;14813;
2011;10;1;14720;
2011;10;2;14507;
2011;10;3;14088;
2011;10;4;12921;
2011;10;5;6012;
2011;10;6;8998;
2011;10;7;3836;
2011;10;8;6366;
2011;10;9;9335;
2011;10;10;2078;
2011;10;11;2485;
2011;10;12;3272;
2011;10;13;10963;
2011;10;14;8755;
2011;10;15;12072;
2011;10;16;11927;
2011;10;17;11930;
2011;10;18;8728;
2011;10;19;1584;
2011;10;20;6706;
2011;10;21;3178;
2011;10;22;7894;
2011;10;23;9169;
2011;10;24;6758;
2011;10;25;1702;
2011;10;26;1884;
2011;10;27;3292;
2011;10;28;1333;
2011;10;29;3221;
2011;10;30;3153;
2011;10;31;7449;
2011;11;1;7799;
2011;11;2;1687;
2011;11;3;6836;
2011;11;4;1020;
2011;11;5;2849;
2011;11;6;6877;
2011;11;7;6964;
2011;11;8;2003;
2011;11;9;3367;
2011;11;10;3269;
2011;11;11;4297;
2011;11;12;6874;
2011;11;13;6913;
2011;11;14;3539;
2011;11;15;1719;
2011;11;16;5555;
2011;11;17;1001;
2011;11;18;1084;
2011;11;19;2556;
2011;11;20;2523;
2011;11;21;2933;
2011;11;22;4516;
2011;11;23;635;
2011;11;24;724;
2011;11;25;4194;
2011;11;26;1521;
2011;11;27;5319;
2011;11;28;3583;
2011;11;29;4942;
2011;11;30;1249;
2011;12;1;1552;
2011;12;2;4009;
2011;12;3;2991;
2011;12;4;726;
2011;12;5;2553;
2011;12;6;1541;
2011;12;7;1067;
2011;12;8;1540;
2011;12;9;646;
2011;12;10;1611;
2011;12;11;4725;
2011;12;12;3155;
2011;12;13;3704;
2011;12;14;1103;
2011;12;15;1332;
2011;12;16;879;
2011;12;17;1506;
2011;12;18;2695;
2011;12;19;4184;
2011;12;20;4037;
2011;12;21;1346;
2011;12;22;1897;
2011;12;23;880;
2011;12;24;1047;
2011;12;25;1461;
2011;12;26;903;
2011;12;27;569;
2011;12;28;1020;
2011;12;29;1763;
2011;12;30;2242;
2011;12;31;4731;
2012;01;1;802;
2012;01;2;1576;
2012;01;3;4112;
2012;01;4;1564;
2012;01;5;703;
2012;01;6;2608;
2012;01;7;1434;
2012;01;8;1648;
2012;01;9;1929;
2012;01;10;2602;
2012;01;11;1191;
2012;01;12;1224;
2012;01;13;3168;
2012;01;14;2896;
2012;01;15;3475;
2012;01;16;3684;
2012;01;17;1479;
2012;01;18;5166;
2012;01;19;771;
2012;01;20;2623;
2012;01;21;1924;
2012;01;22;1701;
2012;01;23;1770;
2012;01;24;1626;
2012;01;25;6532;
2012;01;26;6341;
2012;01;27;6087;
2012;01;28;4492;
2012;01;29;6236;
2012;01;30;6879;
2012;01;31;7475;
2012;02;1;7746;
2012;02;2;7893;
2012;02;3;7809;
2012;02;4;6164;
2012;02;5;6621;
2012;02;6;7598;
2012;02;7;4249;
2012;02;8;6889;
2012;02;9;3139;
2012;02;10;8302;
2012;02;11;9043;
2012;02;12;9044;
2012;02;13;2541;
2012;02;14;6172;
2012;02;15;4580;
2012;02;16;5348;
2012;02;17;2600;
2012;02;18;4788;
2012;02;19;2306;
2012;02;20;9511;
2012;02;21;8622;
2012;02;22;3751;
2012;02;23;2089;
2012;02;24;1747;
2012;02;25;7193;
2012;02;26;8356;
2012;02;27;11787;
2012;02;28;1597;
2012;02;29;6126;
2012;03;1;2662;
2012;03;2;6632;
2012;03;3;13859;
2012;03;4;9895;
2012;03;5;14212;
2012;03;6;14210;
2012;03;7;12965;
2012;03;8;2905;
2012;03;9;13503;
2012;03;10;7395;
2012;03;11;6699;
2012;03;12;6363;
2012;03;13;2916;
2012;03;14;1776;
2012;03;15;7816;
2012;03;16;16079;
2012;03;17;15856;
2012;03;18;15418;
2012;03;19;15126;
2012;03;20;17165;
2012;03;21;16516;
2012;03;22;15207;
2012;03;23;17102;
2012;03;24;17368;
2012;03;25;18651;
2012;03;26;18681;
2012;03;27;15642;
2012;03;28;18524;
2012;03;29;4885;
2012;03;30;7744;
2012;03;31;3706;
2012;04;1;13418;
2012;04;2;4106;
2012;04;3;17213;
2012;04;4;17235;
2012;04;5;5558;
2012;04;6;5149;
2012;04;7;9354;
2012;04;8;8420;
2012;04;9;21931;
2012;04;10;12215;
2012;04;11;18934;
2012;04;12;2301;
2012;04;13;9038;
2012;04;14;18904;
2012;04;15;4465;
2012;04;16;2673;
2012;04;17;20074;
2012;04;18;21537;
2012;04;19;12939;
2012;04;20;17731;
2012;04;21;16688;
2012;04;22;10606;
2012;04;23;21489;
2012;04;24;19204;
2012;04;25;15705;
2012;04;26;24544;
2012;04;27;24460;
2012;04;28;25296;
2012;04;29;22098;
2012;04;30;25408;
2012;05;1;24222;
2012;05;2;23473;
2012;05;3;17425;
2012;05;4;21507;
2012;05;5;21920;
2012;05;6;17193;
2012;05;7;19589;
2012;05;8;26949;
2012;05;9;25152;
2012;05;10;25178;
2012;05;11;23038;
2012;05;12;7899;
2012;05;13;15308;
2012;05;14;16917;
2012;05;15;15718;
2012;05;16;14640;
2012;05;17;19801;
2012;05;18;26748;
2012;05;19;28308;
2012;05;20;28174;
2012;05;21;24201;
2012;05;22;16186;
2012;05;23;27173;
2012;05;24;27702;
2012;05;25;27311;
2012;05;26;26948;
2012;05;27;22592;
2012;05;28;16047;
2012;05;29;26258;
2012;05;30;28672;
2012;05;31;20283;
2012;06;1;12059;
2012;06;2;21533;
2012;06;3;14818;
2012;06;4;13288;
2012;06;5;5998;
2012;06;6;19373;
2012;06;7;24654;
2012;06;8;19647;
2012;06;9;14854;
2012;06;10;10199;
2012;06;11;14303;
2012;06;12;11429;
2012;06;13;21351;
2012;06;14;10509;
2012;06;15;27947;
2012;06;16;29098;
2012;06;17;17983;
2012;06;18;28509;
2012;06;19;20603;
2012;06;20;15500;
2012;06;21;20381;
2012;06;22;23056;
2012;06;23;30018;
2012;06;24;27666;
2012;06;25;18709;
2012;06;26;18944;
2012;06;27;26871;
2012;06;28;21962;
2012;06;29;23656;
2012;06;30;19825;
2012;07;1;25578;
2012;07;2;22005;
2012;07;3;7908;
2012;07;4;21350;
2012;07;5;25767;
2012;07;6;27323;
2012;07;7;22258;
2012;07;8;22617;
2012;07;9;16827;
2012;07;10;25493;
2012;07;11;19588;
2012;07;12;17137;
2012;07;13;11676;
2012;07;14;16220;
2012;07;15;16241;
2012;07;16;16581;
2012;07;17;12468;
2012;07;18;13046;
2012;07;19;18952;
2012;07;20;13366;
2012;07;21;16179;
2012;07;22;15882;
2012;07;23;27581;
2012;07;24;26318;
2012;07;25;7424;
2012;07;26;18146;
2012;07;27;25135;
2012;07;28;22351;
2012;07;29;12847;
2012;07;30;24294;
2012;07;31;22046;
2012;08;1;24276;
2012;08;2;25509;
2012;08;3;13531;
2012;08;4;20038;
2012;08;5;20666;
2012;08;6;24290;
2012;08;7;18404;
2012;08;8;22692;
2012;08;9;20670;
2012;08;10;14690;
2012;08;11;11579;
2012;08;12;25374;
2012;08;13;19958;
2012;08;14;21897;
2012;08;15;24341;
2012;08;16;17262;
2012;08;17;21338;
2012;08;18;23138;
2012;08;19;23434;
2012;08;20;22369;
2012;08;21;16026;
2012;08;22;14645;
2012;08;23;19004;
2012;08;24;14775;
2012;08;25;15251;
2012;08;26;12233;
2012;08;27;17850;
2012;08;28;22059;
2012;08;29;16829;
2012;08;30;18470;
2012;08;31;2779;
2012;09;1;4726;
2012;09;2;8315;
2012;09;3;8120;
2012;09;4;15315;
2012;09;5;15385;
2012;09;6;16910;
2012;09;7;15418;
2012;09;8;14121;
2012;09;9;19087;
2012;09;10;18662;
2012;09;11;16590;
2012;09;12;3816;
2012;09;13;6629;
2012;09;14;16016;
2012;09;15;5640;
2012;09;16;16355;
2012;09;17;14745;
2012;09;18;16589;
2012;09;19;4596;
2012;09;20;15822;
2012;09;21;14465;
2012;09;22;4359;
2012;09;23;13732;
2012;09;24;11510;
2012;09;25;15248;
2012;09;26;11533;
2012;09;27;8031;
2012;09;28;10017;
2012;09;29;9702;
2012;09;30;15163;
2012;10;1;4030;
2012;10;2;3921;
2012;10;3;12514;
2012;10;4;3658;
2012;10;5;8948;
2012;10;6;10725;
2012;10;7;2955;
2012;10;8;5788;
2012;10;9;10963;
2012;10;10;6960;
2012;10;11;13101;
2012;10;12;6064;
2012;10;13;10784;
2012;10;14;11667;
2012;10;15;5556;
2012;10;16;1973;
2012;10;17;10909;
2012;10;18;10240;
2012;10;19;10848;
2012;10;20;3795;
2012;10;21;2582;
2012;10;22;4663;
2012;10;23;2384;
2012;10;24;1708;
2012;10;25;1279;
2012;10;26;2824;
2012;10;27;914;
2012;10;28;6119;
2012;10;29;3508;
2012;10;30;2256;
2012;10;31;7327;
2012;11;1;1038;
2012;11;2;3410;
2012;11;3;2353;
2012;11;4;5194;
2012;11;5;2226;
2012;11;6;3824;
2012;11;7;1023;
2012;11;8;2841;
2012;11;9;2757;
2012;11;10;5330;
2012;11;11;3849;
2012;11;12;1890;
2012;11;13;6378;
2012;11;14;6763;
2012;11;15;5534;
2012;11;16;2402;
2012;11;17;1057;
2012;11;18;2385;
2012;11;19;3876;
2012;11;20;5237;
2012;11;21;2036;
2012;11;22;1609;
2012;11;23;2474;
2012;11;24;4523;
2012;11;25;3372;
2012;11;26;2438;
2012;11;27;612;
2012;11;28;1201;
2012;11;29;1066;
2012;11;30;1321;
2012;12;1;5122;
2012;12;2;2121;
2012;12;3;2637;
2012;12;4;856;
2012;12;5;3247;
2012;12;6;2067;
2012;12;7;4542;
2012;12;8;4873;
2012;12;9;4369;
2012;12;10;1566;
2012;12;11;2575;
2012;12;12;4464;
2012;12;13;2655;
2012;12;14;2468;
2012;12;15;1004;
2012;12;16;1372;
2012;12;17;991;
2012;12;18;1682;
2012;12;19;1480;
2012;12;20;1322;
2012;12;21;693;
2012;12;22;1174;
2012;12;23;1487;
2012;12;24;1213;
2012;12;25;2176;
2012;12;26;1096;
2012;12;27;1346;
2012;12;28;2863;
2012;12;29;4276;
2012;12;30;2321;
2012;12;31;4377;
2013;01;1;3943;
2013;01;2;2428;
2013;01;3;681;
2013;01;4;1774;
2013;01;5;2142;
2013;01;6;591;
2013;01;7;2220;
2013;01;8;748;
2013;01;9;1468;
2013;01;10;1158;
2013;01;11;1991;
2013;01;12;3052;
2013;01;13;2109;
2013;01;14;1219;
2013;01;15;2703;
2013;01;16;987;
2013;01;17;2054;
2013;01;18;2244;
2013;01;19;3109;
2013;01;20;1673;
2013;01;21;1017;
2013;01;22;2096;
2013;01;23;3365;
2013;01;24;1537;
2013;01;25;5088;
2013;01;26;2347;
2013;01;27;1784;
2013;01;28;2760;
2013;01;29;1136;
2013;01;30;2089;
2013;01;31;4903;
2013;02;1;4006;
2013;02;2;2030;
2013;02;3;5793;
2013;02;4;3111;
2013;02;5;2651;
2013;02;6;6449;
2013;02;7;6479;
2013;02;8;4605;
2013;02;9;6330;
2013;02;10;3711;
2013;02;11;1872;
2013;02;12;1413;
2013;02;13;2645;
2013;02;14;7673;
2013;02;15;2452;
2013;02;16;3622;
2013;02;17;2982;
2013;02;18;4961;
2013;02;19;2386;
2013;02;20;6659;
2013;02;21;6398;
2013;02;22;5112;
2013;02;23;2807;
2013;02;24;2574;
2013;02;25;4016;
2013;02;26;10790;
2013;02;27;5991;
2013;02;28;4253;
2013;03;1;3012;
2013;03;2;11308;
2013;03;3;4479;
2013;03;4;13766;
2013;03;5;13892;
2013;03;6;13256;
2013;03;7;3878;
2013;03;8;4204;
2013;03;9;2490;
2013;03;10;5571;
2013;03;11;3939;
2013;03;12;4825;
2013;03;13;1964;
2013;03;14;10403;
2013;03;15;6424;
2013;03;16;16756;
2013;03;17;15851;
2013;03;18;8004;
2013;03;19;6610;
2013;03;20;17316;
2013;03;21;3711;
2013;03;22;7092;
2013;03;23;19013;
2013;03;24;18484;
2013;03;25;7885;
2013;03;26;7886;
2013;03;27;7112;
2013;03;28;7038;
2013;03;29;9236;
2013;03;30;15578;
2013;03;31;5679;
2013;04;1;11302;
2013;04;2;13158;
2013;04;3;5151;
2013;04;4;5092;
2013;04;5;2856;
2013;04;6;3460;
2013;04;7;5777;
2013;04;8;20135;
2013;04;9;8949;
2013;04;10;6529;
2013;04;11;9383;
2013;04;12;6559;
2013;04;13;11823;
2013;04;14;19985;
2013;04;15;22738;
2013;04;16;16959;
2013;04;17;20243;
2013;04;18;19161;
2013;04;19;6520;
2013;04;20;5291;
2013;04;21;21309;
2013;04;22;16846;
2013;04;23;15449;
2013;04;24;22545;
2013;04;25;23705;
2013;04;26;22998;
2013;04;27;10294;
2013;04;28;5756;
2013;04;29;7828;
2013;04;30;13493;
2013;05;1;14172;
2013;05;2;8300;
2013;05;3;3847;
2013;05;4;14419;
2013;05;5;11493;
2013;05;6;11722;
2013;05;7;10762;
2013;05;8;21640;
2013;05;9;21250;
2013;05;10;12466;
2013;05;11;7616;
2013;05;12;14558;
2013;05;13;27830;
2013;05;14;20059;
2013;05;15;28054;
2013;05;16;24680;
2013;05;17;19446;
2013;05;18;17255;
2013;05;19;27901;
2013;05;20;21691;
2013;05;21;24604;
2013;05;22;14794;
2013;05;23;20683;
2013;05;24;15112;
2013;05;25;12934;
2013;05;26;10185;
2013;05;27;6584;
2013;05;28;7147;
2013;05;29;19799;
2013;05;30;3071;
2013;05;31;15373;
2013;06;1;4204;
2013;06;2;8333;
2013;06;3;5379;
2013;06;4;10432;
2013;06;5;7131;
2013;06;6;15439;
2013;06;7;17153;
2013;06;8;27854;
2013;06;9;23981;
2013;06;10;12686;
2013;06;11;19507;
2013;06;12;29270;
2013;06;13;29208;
2013;06;14;19119;
2013;06;15;26832;
2013;06;16;26927;
2013;06;17;28750;
2013;06;18;28260;
2013;06;19;27887;
2013;06;20;28374;
2013;06;21;23720;
2013;06;22;20749;
2013;06;23;22379;
2013;06;24;2087;
2013;06;25;4199;
2013;06;26;7487;
2013;06;27;21417;
2013;06;28;23847;
2013;06;29;24607;
2013;06;30;21637;
2013;07;1;26925;
2013;07;2;26682;
2013;07;3;23264;
2013;07;4;19480;
2013;07;5;12111;
2013;07;6;20898;
2013;07;7;27387;
2013;07;8;27514;
2013;07;9;27246;
2013;07;10;25960;
2013;07;11;12683;
2013;07;12;13492;
2013;07;13;24108;
2013;07;14;26562;
2013;07;15;21464;
2013;07;16;27887;
2013;07;17;27287;
2013;07;18;25906;
2013;07;19;25035;
2013;07;20;20812;
2013;07;21;28722;
2013;07;22;28468;
2013;07;23;25519;
2013;07;24;27700;
2013;07;25;19313;
2013;07;26;26558;
2013;07;27;25865;
2013;07;28;26038;
2013;07;29;21027;
2013;07;30;17605;
2013;07;31;18891;
2013;08;1;26380;
2013;08;2;26735;
2013;08;3;25674;
2013;08;4;18867;
2013;08;5;22592;
2013;08;6;24608;
2013;08;7;24214;
2013;08;8;22010;
2013;08;9;5517;
2013;08;10;21265;
2013;08;11;22892;
2013;08;12;24356;
2013;08;13;18743;
2013;08;14;22904;
2013;08;15;25160;
2013;08;16;24325;
2013;08;17;23817;
2013;08;18;21052;
2013;08;19;4732;
2013;08;20;11398;
2013;08;21;19964;
2013;08;22;17308;
2013;08;23;17570;
2013;08;24;16350;
2013;08;25;3630;
2013;08;26;7521;
2013;08;27;6384;
2013;08;28;10582;
2013;08;29;18941;
2013;08;30;19361;
2013;08;31;13978;
2013;09;1;15391;
2013;09;2;8549;
2013;09;3;4517;
2013;09;4;12135;
2013;09;5;20129;
2013;09;6;20444;
2013;09;7;20102;
2013;09;8;17996;
2013;09;9;6580;
2013;09;10;13057;
2013;09;11;9075;
2013;09;12;6694;
2013;09;13;10092;
2013;09;14;4538;
2013;09;15;6631;
2013;09;16;7139;
2013;09;17;7811;
2013;09;18;5029;
2013;09;19;9758;
2013;09;20;4163;
2013;09;21;5174;
2013;09;22;7542;
2013;09;23;4839;
2013;09;24;6533;
2013;09;25;5978;
2013;09;26;4113;
2013;09;27;15821;
2013;09;28;15667;
2013;09;29;14213;
2013;09;30;15666;
2013;10;1;14821;
2013;10;2;11637;
2013;10;3;14976;
2013;10;4;14630;
2013;10;5;12935;
2013;10;6;12413;
2013;10;7;4838;
2013;10;8;11216;
2013;10;9;5989;
2013;10;10;7408;
2013;10;11;4165;
2013;10;12;8116;
2013;10;13;7038;
2013;10;14;10639;
2013;10;15;4953;
2013;10;16;4948;
2013;10;17;3989;
2013;10;18;2802;
2013;10;19;10899;
2013;10;20;7459;
2013;10;21;7588;
2013;10;22;8593;
2013;10;23;4485;
2013;10;24;7323;
2013;10;25;7395;
2013;10;26;8840;
2013;10;27;3556;
2013;10;28;4892;
2013;10;29;2132;
2013;10;30;4468;
2013;10;31;9285;
2013;11;1;6415;
2013;11;2;2288;
2013;11;3;1358;
2013;11;4;4860;
2013;11;5;3933;
2013;11;6;3651;
2013;11;7;2644;
2013;11;8;3597;
2013;11;9;1477;
2013;11;10;5078;
2013;11;11;5029;
2013;11;12;7109;
2013;11;13;1815;
2013;11;14;2327;
2013;11;15;1856;
2013;11;16;3933;
2013;11;17;1606;
2013;11;18;1784;
2013;11;19;1446;
2013;11;20;717;
2013;11;21;1428;
2013;11;22;3351;
2013;11;23;3341;
2013;11;24;1431;
2013;11;25;2362;
2013;11;26;2215;
2013;11;27;5627;
2013;11;28;744;
2013;11;29;1837;
2013;11;30;1989;
2013;12;1;2503;
2013;12;2;4947;
2013;12;3;4118;
2013;12;4;3200;
2013;12;5;3534;
2013;12;6;2191;
2013;12;7;1416;
2013;12;8;882;
2013;12;9;524;
2013;12;10;1187;
2013;12;11;1225;
2013;12;12;549;
2013;12;13;667;
2013;12;14;424;
2013;12;15;2197;
2013;12;16;4568;
2013;12;17;4130;
2013;12;18;2387;
2013;12;19;1450;
2013;12;20;2076;
2013;12;21;4016;
2013;12;22;1456;
2013;12;23;3229;
2013;12;24;1950;
2013;12;25;3245;
2013;12;26;2484;
2013;12;27;1953;
2013;12;28;3775;
2013;12;29;1751;
2013;12;30;4242;
2013;12;31;1163;
2014;01;1;1042;
2014;01;2;695;
2014;01;3;4424;
2014;01;4;1638;
2014;01;5;2636;
2014;01;6;5138;
2014;01;7;4808;
2014;01;8;3149;
2014;01;9;2455;
2014;01;10;2374;
2014;01;11;4010;
2014;01;12;3019;
2014;01;13;5321;
2014;01;14;965;
2014;01;15;1632;
2014;01;16;3048;
2014;01;17;1326;
2014;01;18;3722;
2014;01;19;4874;
2014;01;20;730;
2014;01;21;1286;
2014;01;22;1540;
2014;01;23;1550;
2014;01;24;1172;
2014;01;25;6985;
2014;01;26;6335;
2014;01;27;2095;
2014;01;28;2006;
2014;01;29;2060;
2014;01;30;1294;
2014;01;31;2377;
2014;02;1;6202;
2014;02;2;897;
2014;02;3;6498;
2014;02;4;8060;
2014;02;5;2987;
2014;02;6;3525;
2014;02;7;3830;
2014;02;8;8171;
2014;02;9;2193;
2014;02;10;7799;
2014;02;11;4175;
2014;02;12;5429;
2014;02;13;6846;
2014;02;14;7858;
2014;02;15;5866;
2014;02;16;1932;
2014;02;17;9249;
2014;02;18;6250;
2014;02;19;4239;
2014;02;20;6264;
2014;02;21;8590;
2014;02;22;5799;
2014;02;23;10543;
2014;02;24;12054;
2014;02;25;9736;
2014;02;26;3554;
2014;02;27;9405;
2014;02;28;6458;
2014;03;1;9762;
2014;03;2;12154;
2014;03;3;7403;
2014;03;4;4277;
2014;03;5;9938;
2014;03;6;6929;
2014;03;7;8692;
2014;03;8;13060;
2014;03;9;14009;
2014;03;10;14885;
2014;03;11;15008;
2014;03;12;15330;
2014;03;13;15568;
2014;03;14;15316;
2014;03;15;3624;
2014;03;16;1659;
2014;03;17;3866;
2014;03;18;9017;
2014;03;19;4259;
2014;03;20;17123;
2014;03;21;16227;
2014;03;22;14905;
2014;03;23;2238;
2014;03;24;5675;
2014;03;25;13104;
2014;03;26;13412;
2014;03;27;16416;
2014;03;28;12716;
2014;03;29;16533;
2014;03;30;18543;
2014;03;31;15434;
2014;04;1;16201;
2014;04;2;18165;
2014;04;3;17601;
2014;04;4;17673;
2014;04;5;5245;
2014;04;6;13102;
2014;04;7;19635;
2014;04;8;12616;
2014;04;9;9825;
2014;04;10;8465;
2014;04;11;13716;
2014;04;12;19040;
2014;04;13;9531;
2014;04;14;10584;
2014;04;15;11816;
2014;04;16;20466;
2014;04;17;23968;
2014;04;18;10550;
2014;04;19;20208;
2014;04;20;15874;
2014;04;21;11663;
2014;04;22;9567;
2014;04;23;19282;
2014;04;24;14596;
2014;04;25;11176;
2014;04;26;22276;
2014;04;27;22169;
2014;04;28;12286;
2014;04;29;19193;
2014;04;30;19112;
2014;05;1;20780;
2014;05;2;18738;
2014;05;3;10209;
2014;05;4;23337;
2014;05;5;16429;
2014;05;6;22223;
2014;05;7;6929;
2014;05;8;20155;
2014;05;9;15481;
2014;05;10;23377;
2014;05;11;12483;
2014;05;12;20298;
2014;05;13;13207;
2014;05;14;22317;
2014;05;15;15648;
2014;05;16;4513;
2014;05;17;3828;
2014;05;18;10462;
2014;05;19;25299;
2014;05;20;29028;
2014;05;21;28701;
2014;05;22;27911;
2014;05;23;25006;
2014;05;24;14105;
2014;05;25;23444;
2014;05;26;21947;
2014;05;27;12225;
2014;05;28;23499;
2014;05;29;5912;
2014;05;30;15993;
2014;05;31;21108;
2014;06;1;17218;
2014;06;2;17802;
2014;06;3;14352;
2014;06;4;26563;
2014;06;5;19817;
2014;06;6;30925;
2014;06;7;30050;
2014;06;8;29813;
2014;06;9;29939;
2014;06;10;28442;
2014;06;11;26880;
2014;06;12;26150;
2014;06;13;24288;
2014;06;14;19136;
2014;06;15;22610;
2014;06;16;24294;
2014;06;17;21427;
2014;06;18;26022;
2014;06;19;27406;
2014;06;20;12884;
2014;06;21;13049;
2014;06;22;17003;
2014;06;23;26705;
2014;06;24;23869;
2014;06;25;10620;
2014;06;26;24338;
2014;06;27;28031;
2014;06;28;20362;
2014;06;29;12305;
2014;06;30;10141;
2014;07;1;21192;
2014;07;2;19259;
2014;07;3;28894;
2014;07;4;29140;
2014;07;5;21401;
2014;07;6;26770;
2014;07;7;21900;
2014;07;8;21683;
2014;07;9;7300;
2014;07;10;7793;
2014;07;11;14359;
2014;07;12;23481;
2014;07;13;21702;
2014;07;14;23903;
2014;07;15;26835;
2014;07;16;27182;
2014;07;17;18464;
2014;07;18;25524;
2014;07;19;27111;
2014;07;20;25210;
2014;07;21;12983;
2014;07;22;26107;
2014;07;23;21830;
2014;07;24;10663;
2014;07;25;22115;
2014;07;26;23596;
2014;07;27;18620;
2014;07;28;19134;
2014;07;29;14390;
2014;07;30;20539;
2014;07;31;8149;
2014;08;1;13256;
2014;08;2;24873;
2014;08;3;9965;
2014;08;4;7707;
2014;08;5;15756;
2014;08;6;17977;
2014;08;7;25940;
2014;08;8;21745;
2014;08;9;18806;
2014;08;10;19983;
2014;08;11;4510;
2014;08;12;19207;
2014;08;13;9880;
2014;08;14;11449;
2014;08;15;16282;
2014;08;16;10621;
2014;08;17;15248;
2014;08;18;12051;
2014;08;19;18076;
2014;08;20;17228;
2014;08;21;17712;
2014;08;22;19443;
2014;08;23;16527;
2014;08;24;14802;
2014;08;25;20156;
2014;08;26;5142;
2014;08;27;14413;
2014;08;28;22447;
2014;08;29;13321;
2014;08;30;15817;
2014;08;31;9444;
2014;09;1;4811;
2014;09;2;2942;
2014;09;3;18732;
2014;09;4;19286;
2014;09;5;19225;
2014;09;6;18922;
2014;09;7;19379;
2014;09;8;15639;
2014;09;9;10466;
2014;09;10;14921;
2014;09;11;5064;
2014;09;12;7111;
2014;09;13;8840;
2014;09;14;5729;
2014;09;15;9115;
2014;09;16;14996;
2014;09;17;16911;
2014;09;18;15857;
2014;09;19;15734;
2014;09;20;11841;
2014;09;21;8743;
2014;09;22;11850;
2014;09;23;11045;
2014;09;24;15948;
2014;09;25;6108;
2014;09;26;2529;
2014;09;27;12116;
2014;09;28;15154;
2014;09;29;15521;
2014;09;30;10112;
2014;10;1;6511;
2014;10;2;6499;
2014;10;3;10211;
2014;10;4;13410;
2014;10;5;8885;
2014;10;6;10275;
2014;10;7;5869;
2014;10;8;7250;
2014;10;9;8033;
2014;10;10;3667;
2014;10;11;6009;
2014;10;12;9720;
2014;10;13;5808;
2014;10;14;6728;
2014;10;15;4976;
2014;10;16;4181;
2014;10;17;2369;
2014;10;18;6264;
2014;10;19;10869;
2014;10;20;6972;
2014;10;21;8834;
2014;10;22;1252;
2014;10;23;2905;
2014;10;24;6348;
2014;10;25;2011;
2014;10;26;5296;
2014;10;27;7582;
2014;10;28;9325;
2014;10;29;8718;
2014;10;30;3322;
2014;10;31;4646;
2014;11;1;4896;
2014;11;2;8263;
2014;11;3;3039;
2014;11;4;7893;
2014;11;5;5916;
2014;11;6;1132;
2014;11;7;1234;
2014;11;8;3553;
2014;11;9;2661;
2014;11;10;1780;
2014;11;11;2337;
2014;11;12;4872;
2014;11;13;1793;
2014;11;14;5823;
2014;11;15;386;
2014;11;16;795;
2014;11;17;1100;
2014;11;18;791;
2014;11;19;2333;
2014;11;20;832;
2014;11;21;987;
2014;11;22;1510;
2014;11;23;3026;
2014;11;24;2280;
2014;11;25;1388;
2014;11;26;1899;
2014;11;27;719;
2014;11;28;1405;
2014;11;29;1038;
2014;11;30;1086;
2014;12;1;616;
2014;12;2;936;
2014;12;3;973;
2014;12;4;3744;
2014;12;5;548;
2014;12;6;669;
2014;12;7;1234;
2014;12;8;1021;
2014;12;9;1435;
2014;12;10;964;
2014;12;11;1784;
2014;12;12;2879;
2014;12;13;2141;
2014;12;14;1120;
2014;12;15;1620;
2014;12;16;601;
2014;12;17;3161;
2014;12;18;1650;
2014;12;19;663;
2014;12;20;2110;
2014;12;21;2179;
2014;12;22;560;
2014;12;23;558;
2014;12;24;2669;
2014;12;25;2745;
2014;12;26;2705;
2014;12;27;3830;
2014;12;28;4121;
2014;12;29;2775;
2014;12;30;3940;
2014;12;31;1122;
2015;01;1;1348;
2015;01;2;1513;
2015;01;3;2355;
2015;01;4;3652;
2015;01;5;851;
2015;01;6;5292;
2015;01;7;1497;
2015;01;8;1489;
2015;01;9;948;
2015;01;10;1497;
2015;01;11;1922;
2015;01;12;1145;
2015;01;13;5323;
2015;01;14;2144;
2015;01;15;4318;
2015;01;16;3973;
2015;01;17;522;
2015;01;18;2077;
2015;01;19;576;
2015;01;20;1963;
2015;01;21;1756;
2015;01;22;1427;
2015;01;23;1456;
2015;01;24;2796;
2015;01;25;2843;
2015;01;26;3501;
2015;01;27;2674;
2015;01;28;3335;
2015;01;29;5966;
2015;01;30;1470;
2015;01;31;2480;
2015;02;1;4648;
2015;02;2;3310;
2015;02;3;4779;
2015;02;4;4546;
2015;02;5;5662;
2015;02;6;8574;
2015;02;7;8362;
2015;02;8;7148;
2015;02;9;2763;
2015;02;10;3010;
2015;02;11;2560;
2015;02;12;3477;
2015;02;13;8778;
2015;02;14;5259;
2015;02;15;4132;
2015;02;16;10093;
2015;02;17;10178;
2015;02;18;1564;
2015;02;19;3122;
2015;02;20;10156;
2015;02;21;9203;
2015;02;22;4524;
2015;02;23;3062;
2015;02;24;4223;
2015;02;25;6991;
2015;02;26;5177;
2015;02;27;3614;
2015;02;28;7587;
2015;03;1;7231;
2015;03;2;6506;
2015;03;3;11707;
2015;03;4;11729;
2015;03;5;5329;
2015;03;6;9214;
2015;03;7;9234;
2015;03;8;14243;
2015;03;9;12845;
2015;03;10;14905;
2015;03;11;5336;
2015;03;12;4278;
2015;03;13;2114;
2015;03;14;5776;
2015;03;15;6721;
2015;03;16;9496;
2015;03;17;14600;
2015;03;18;16132;
2015;03;19;17084;
2015;03;20;14801;
2015;03;21;14985;
2015;03;22;13581;
2015;03;23;17668;
2015;03;24;14830;
2015;03;25;15657;
2015;03;26;5573;
2015;03;27;5184;
2015;03;28;8100;
2015;03;29;3807;
2015;03;30;13712;
2015;03;31;5997;
2015;04;1;12702;
2015;04;2;6223;
2015;04;3;9567;
2015;04;4;16720;
2015;04;5;13546;
2015;04;6;12570;
2015;04;7;19492;
2015;04;8;4927;
2015;04;9;18633;
2015;04;10;21468;
2015;04;11;18454;
2015;04;12;18593;
2015;04;13;13820;
2015;04;14;20305;
2015;04;15;21200;
2015;04;16;21058;
2015;04;17;14091;
2015;04;18;15917;
2015;04;19;22515;
2015;04;20;22383;
2015;04;21;24689;
2015;04;22;19389;
2015;04;23;21461;
2015;04;24;17655;
2015;04;25;21920;
2015;04;26;11167;
2015;04;27;20421;
2015;04;28;5818;
2015;04;29;23747;
2015;04;30;15772;
2015;05;1;9859;
2015;05;2;18831;
2015;05;3;23358;
2015;05;4;15927;
2015;05;5;15871;
2015;05;6;5410;
2015;05;7;24725;
2015;05;8;26244;
2015;05;9;15435;
2015;05;10;19804;
2015;05;11;27864;
2015;05;12;22498;
2015;05;13;25761;
2015;05;14;19771;
2015;05;15;26656;
2015;05;16;26944;
2015;05;17;24468;
2015;05;18;26583;
2015;05;19;9766;
2015;05;20;2643;
2015;05;21;9807;
2015;05;22;21730;
2015;05;23;19538;
2015;05;24;19630;
2015;05;25;23112;
2015;05;26;5280;
2015;05;27;13741;
2015;05;28;19995;
2015;05;29;24245;
2015;05;30;15922;
2015;05;31;26307;
2015;06;1;19321;
2015;06;2;23207;
2015;06;3;28396;
2015;06;4;27863;
2015;06;5;30654;
2015;06;6;30038;
2015;06;7;27604;
2015;06;8;18138;
2015;06;9;6502;
2015;06;10;24151;
2015;06;11;23384;
2015;06;12;24901;
2015;06;13;22025;
2015;06;14;24335;
2015;06;15;8847;
2015;06;16;20310;
2015;06;17;23568;
2015;06;18;8938;
2015;06;19;15522;
2015;06;20;15998;
2015;06;21;15484;
2015;06;22;13617;
2015;06;23;18955;
2015;06;24;15538;
2015;06;25;24897;
2015;06;26;23884;
2015;06;27;11893;
2015;06;28;26806;
2015;06;29;20774;
2015;06;30;23449;
2015;07;1;29712;
2015;07;2;30046;
2015;07;3;29830;
2015;07;4;29158;
2015;07;5;24955;
2015;07;6;25614;
2015;07;7;29028;
2015;07;8;11476;
2015;07;9;18630;
2015;07;10;27024;
2015;07;11;26104;
2015;07;12;25137;
2015;07;13;9083;
2015;07;14;12163;
2015;07;15;20954;
2015;07;16;21811;
2015;07;17;23556;
2015;07;18;20129;
2015;07;19;20134;
2015;07;20;24525;
2015;07;21;20912;
2015;07;22;27821;
2015;07;23;17942;
2015;07;24;14446;
2015;07;25;16310;
2015;07;26;26729;
2015;07;27;16511;
2015;07;28;16764;
2015;07;29;13405;
2015;07;30;26003;
2015;07;31;24940;
2015;08;1;21779;
2015;08;2;8248;
2015;08;3;24326;
2015;08;4;24783;
2015;08;5;24172;
2015;08;6;23011;
2015;08;7;22592;
2015;08;8;24080;
2015;08;9;22793;
2015;08;10;21710;
2015;08;11;21018;
2015;08;12;16268;
2015;08;13;22569;
2015;08;14;20210;
2015;08;15;16979;
2015;08;16;14506;
2015;08;17;2676;
2015;08;18;1811;
2015;08;19;8396;
2015;08;20;18945;
2015;08;21;20836;
2015;08;22;18510;
2015;08;23;19580;
2015;08;24;18037;
2015;08;25;9029;
2015;08;26;22005;
2015;08;27;19817;
2015;08;28;14666;
2015;08;29;19896;
2015;08;30;20906;
2015;08;31;20559;
2015;09;1;19585;
2015;09;2;17891;
2015;09;3;16460;
2015;09;4;15715;
2015;09;5;13814;
2015;09;6;6020;
2015;09;7;8774;
2015;09;8;16933;
2015;09;9;11094;
2015;09;10;11362;
2015;09;11;8629;
2015;09;12;17062;
2015;09;13;16997;
2015;09;14;10003;
2015;09;15;10368;
2015;09;16;14598;
2015;09;17;15786;
2015;09;18;10510;
2015;09;19;15996;
2015;09;20;11606;
2015;09;21;9933;
2015;09;22;13495;
2015;09;23;7033;
2015;09;24;11922;
2015;09;25;12923;
2015;09;26;10680;
2015;09;27;8415;
2015;09;28;13465;
2015;09;29;9397;
2015;09;30;9467;
2015;10;1;15370;
2015;10;2;14967;
2015;10;3;10096;
2015;10;4;10557;
2015;10;5;9932;
2015;10;6;7864;
2015;10;7;7305;
2015;10;8;3176;
2015;10;9;2070;
2015;10;10;6762;
2015;10;11;8613;
2015;10;12;11322;
2015;10;13;2967;
2015;10;14;1376;
2015;10;15;2162;
2015;10;16;2405;
2015;10;17;3839;
2015;10;18;3796;
2015;10;19;3744;
2015;10;20;4011;
2015;10;21;2442;
2015;10;22;4405;
2015;10;23;5466;
2015;10;24;10457;
2015;10;25;4404;
2015;10;26;8462;
2015;10;27;3207;
2015;10;28;2222;
2015;10;29;1019;
2015;10;30;1671;
2015;10;31;8916;
2015;11;1;9469;
2015;11;2;9256;
2015;11;3;8667;
2015;11;4;7223;
2015;11;5;6382;
2015;11;6;5749;
2015;11;7;1671;
2015;11;8;7513;
2015;11;9;3086;
2015;11;10;2880;
2015;11;11;1569;
2015;11;12;2345;
2015;11;13;6207;
2015;11;14;3950;
2015;11;15;767;
2015;11;16;3352;
2015;11;17;1243;
2015;11;18;2277;
2015;11;19;1571;
2015;11;20;1428;
2015;11;21;2813;
2015;11;22;2782;
2015;11;23;2549;
2015;11;24;5687;
2015;11;25;2306;
2015;11;26;2260;
2015;11;27;1113;
2015;11;28;2324;
2015;11;29;996;
2015;11;30;2541;
2015;12;1;3148;
2015;12;2;988;
2015;12;3;3212;
2015;12;4;4840;
2015;12;5;4968;
2015;12;6;5026;
2015;12;7;1502;
2015;12;8;4055;
2015;12;9;592;
2015;12;10;3701;
2015;12;11;3572;
2015;12;12;2702;
2015;12;13;1519;
2015;12;14;4048;
2015;12;15;1059;
2015;12;16;995;
2015;12;17;561;
2015;12;18;1409;
2015;12;19;2388;
2015;12;20;3258;
2015;12;21;1272;
2015;12;22;1881;
2015;12;23;3978;
2015;12;24;3042;
2015;12;25;2018;
2015;12;26;4292;
2015;12;27;3515;
2015;12;28;975;
2015;12;29;4089;
2015;12;30;4751;
2015;12;31;4899;
2016;01;1;1239;
2016;01;2;1150;
2016;01;3;1598;
2016;01;4;1801;
2016;01;5;1285;
2016;01;6;1885;
2016;01;7;1746;
2016;01;8;5233;
2016;01;9;2543;
2016;01;10;2991;
2016;01;11;1004;
2016;01;12;2898;
2016;01;13;1477;
2016;01;14;3757;
2016;01;15;3926;
2016;01;16;2126;
2016;01;17;4610;
2016;01;18;5469;
2016;01;19;4333;
2016;01;20;1368;
2016;01;21;5636;
2016;01;22;6736;
2016;01;23;1761;
2016;01;24;3971;
2016;01;25;1003;
2016;01;26;2451;
2016;01;27;2496;
2016;01;28;1332;
2016;01;29;6703;
2016;01;30;5736;
2016;01;31;4440;
2016;02;1;1663;
2016;02;2;4509;
2016;02;3;3550;
2016;02;4;3812;
2016;02;5;5211;
2016;02;6;6487;
2016;02;7;7025;
2016;02;8;5313;
2016;02;9;4801;
2016;02;10;3162;
2016;02;11;5154;
2016;02;12;5182;
2016;02;13;3560;
2016;02;14;6304;
2016;02;15;3361;
2016;02;16;3701;
2016;02;17;1809;
2016;02;18;1452;
2016;02;19;2951;
2016;02;20;7988;
2016;02;21;2016;
2016;02;22;7389;
2016;02;23;2391;
2016;02;24;7254;
2016;02;25;7641;
2016;02;26;8141;
2016;02;27;5763;
2016;02;28;2337;
2016;02;29;2740;
2016;03;1;1636;
2016;03;2;3086;
2016;03;3;3288;
2016;03;4;7572;
2016;03;5;8607;
2016;03;6;3278;
2016;03;7;5564;
2016;03;8;1829;
2016;03;9;7545;
2016;03;10;13333;
2016;03;11;8472;
2016;03;12;5955;
2016;03;13;10930;
2016;03;14;16052;
2016;03;15;6937;
2016;03;16;11385;
2016;03;17;16725;
2016;03;18;15759;
2016;03;19;6798;
2016;03;20;2982;
2016;03;21;6793;
2016;03;22;9489;
2016;03;23;6989;
2016;03;24;6051;
2016;03;25;5190;
2016;03;26;10989;
2016;03;27;18878;
2016;03;28;15894;
2016;03;29;13741;
2016;03;30;7744;
2016;03;31;13794;
2016;04;1;6865;
2016;04;2;20522;
2016;04;3;17663;
2016;04;4;15484;
2016;04;5;19093;
2016;04;6;11094;
2016;04;7;13672;
2016;04;8;5366;
2016;04;9;4886;
2016;04;10;5216;
2016;04;11;9797;
2016;04;12;10184;
2016;04;13;16476;
2016;04;14;9557;
2016;04;15;9218;
2016;04;16;8892;
2016;04;17;14180;
2016;04;18;14625;
2016;04;19;12190;
2016;04;20;23898;
2016;04;21;25144;
2016;04;22;25117;
2016;04;23;14098;
2016;04;24;18686;
2016;04;25;18799;
2016;04;26;8602;
2016;04;27;8404;
2016;04;28;18349;
2016;04;29;26310;
2016;04;30;26513;
2016;05;1;15827;
2016;05;2;24812;
2016;05;3;8326;
2016;05;4;4538;
2016;05;5;24353;
2016;05;6;21371;
2016;05;7;23948;
2016;05;8;20324;
2016;05;9;21087;
2016;05;10;25309;
2016;05;11;25268;
2016;05;12;18630;
2016;05;13;20762;
2016;05;14;22344;
2016;05;15;16618;
2016;05;16;19113;
2016;05;17;12828;
2016;05;18;18426;
2016;05;19;15429;
2016;05;20;20460;
2016;05;21;27753;
2016;05;22;27216;
2016;05;23;25650;
2016;05;24;15476;
2016;05;25;17187;
2016;05;26;20103;
2016;05;27;20297;
2016;05;28;20334;
2016;05;29;22859;
2016;05;30;21858;
2016;05;31;19247;
2016;06;1;25876;
2016;06;2;16151;
2016;06;3;10108;
2016;06;4;19772;
2016;06;5;19265;
2016;06;6;28111;
2016;06;7;30738;
2016;06;8;29606;
2016;06;9;22534;
2016;06;10;23152;
2016;06;11;13385;
2016;06;12;14735;
2016;06;13;15654;
2016;06;14;24581;
2016;06;15;9478;
2016;06;16;25498;
2016;06;17;10663;
2016;06;18;26489;
2016;06;19;19054;
2016;06;20;8681;
2016;06;21;16113;
2016;06;22;28677;
2016;06;23;30311;
2016;06;24;28890;
2016;06;25;23984;
2016;06;26;13176;
2016;06;27;9682;
2016;06;28;25887;
2016;06;29;21241;
2016;06;30;17023;
2016;07;1;26602;
2016;07;2;17542;
2016;07;3;24404;
2016;07;4;28296;
2016;07;5;19558;
2016;07;6;19618;
2016;07;7;28866;
2016;07;8;23756;
2016;07;9;22991;
2016;07;10;26434;
2016;07;11;25070;
2016;07;12;15790;
2016;07;13;19472;
2016;07;14;3303;
2016;07;15;7825;
2016;07;16;21952;
2016;07;17;16214;
2016;07;18;19579;
2016;07;19;20060;
2016;07;20;23475;
2016;07;21;20705;
2016;07;22;24326;
2016;07;23;21788;
2016;07;24;4999;
2016;07;25;22084;
2016;07;26;18772;
2016;07;27;17484;
2016;07;28;15881;
2016;07;29;17914;
2016;07;30;24228;
2016;07;31;14326;
2016;08;1;20948;
2016;08;2;18969;
2016;08;3;10181;
2016;08;4;25781;
2016;08;5;4268;
2016;08;6;19169;
2016;08;7;22653;
2016;08;8;25696;
2016;08;9;13691;
2016;08;10;6509;
2016;08;11;22477;
2016;08;12;12794;
2016;08;13;14154;
2016;08;14;22253;
2016;08;15;24499;
2016;08;16;19022;
2016;08;17;16199;
2016;08;18;24057;
2016;08;19;22379;
2016;08;20;18612;
2016;08;21;6571;
2016;08;22;16439;
2016;08;23;18871;
2016;08;24;22427;
2016;08;25;23114;
2016;08;26;22942;
2016;08;27;22655;
2016;08;28;21520;
2016;08;29;8731;
2016;08;30;21328;
2016;08;31;22170;
2016;09;1;21326;
2016;09;2;16612;
2016;09;3;14417;
2016;09;4;15437;
2016;09;5;13417;
2016;09;6;15538;
2016;09;7;19308;
2016;09;8;19374;
2016;09;9;18793;
2016;09;10;13510;
2016;09;11;18720;
2016;09;12;17708;
2016;09;13;15450;
2016;09;14;16113;
2016;09;15;18091;
2016;09;16;15002;
2016;09;17;4633;
2016;09;18;7558;
2016;09;19;5792;
2016;09;20;14483;
2016;09;21;11427;
2016;09;22;16980;
2016;09;23;12291;
2016;09;24;13388;
2016;09;25;13337;
2016;09;26;15093;
2016;09;27;15146;
2016;09;28;10756;
2016;09;29;14461;
2016;09;30;12490;
2016;10;1;12055;
2016;10;2;5372;
2016;10;3;10068;
2016;10;4;6406;
2016;10;5;4804;
2016;10;6;4944;
2016;10;7;12175;
2016;10;8;5657;
2016;10;9;4412;
2016;10;10;7121;
2016;10;11;2587;
2016;10;12;2653;
2016;10;13;3552;
2016;10;14;4283;
2016;10;15;5150;
2016;10;16;3759;
2016;10;17;2831;
2016;10;18;1816;
2016;10;19;3688;
2016;10;20;3693;
2016;10;21;6126;
2016;10;22;7597;
2016;10;23;4538;
2016;10;24;5138;
2016;10;25;2290;
2016;10;26;6098;
2016;10;27;4433;
2016;10;28;4916;
2016;10;29;4261;
2016;10;30;5427;
2016;10;31;4487;
2016;11;1;5207;
2016;11;2;4283;
2016;11;3;3165;
2016;11;4;7329;
2016;11;5;4561;
2016;11;6;2063;
2016;11;7;2852;
2016;11;8;6416;
2016;11;9;5698;
2016;11;10;1695;
2016;11;11;3920;
2016;11;12;2581;
2016;11;13;5685;
2016;11;14;6929;
2016;11;15;3316;
2016;11;16;1302;
2016;11;17;1774;
2016;11;18;4181;
2016;11;19;636;
2016;11;20;4162;
2016;11;21;5694;
2016;11;22;3122;
2016;11;23;861;
2016;11;24;1244;
2016;11;25;1387;
2016;11;26;1063;
2016;11;27;3019;
2016;11;28;3297;
2016;11;29;5490;
2016;11;30;2166;
2016;12;1;832;
2016;12;2;3868;
2016;12;3;5082;
2016;12;4;1187;
2016;12;5;3999;
2016;12;6;1088;
2016;12;7;3561;
2016;12;8;4433;
2016;12;9;894;
2016;12;10;3341;
2016;12;11;855;
2016;12;12;3040;
2016;12;13;1435;
2016;12;14;677;
2016;12;15;1258;
2016;12;16;3353;
2016;12;17;1068;
2016;12;18;631;
2016;12;19;2832;
2016;12;20;2996;
2016;12;21;3491;
2016;12;22;1299;
2016;12;23;1216;
2016;12;24;701;
2016;12;25;858;
2016;12;26;926;
2016;12;27;723;
2016;12;28;2807;
2016;12;29;4932;
2016;12;30;4488;
2016;12;31;1298;
2017;01;1;3024;
2017;01;2;969;
2017;01;3;2137;
2017;01;4;2477;
2017;01;5;3742;
2017;01;6;3456;
2017;01;7;3394;
2017;01;8;3061;
2017;01;9;1605;
2017;01;10;2954;
2017;01;11;5378;
2017;01;12;3340;
2017;01;13;1171;
2017;01;14;1819;
2017;01;15;4162;
2017;01;16;2940;
2017;01;17;5649;
2017;01;18;5987;
2017;01;19;5330;
2017;01;20;4818;
2017;01;21;3766;
2017;01;22;6842;
2017;01;23;4545;
2017;01;24;2544;
2017;01;25;1952;
2017;01;26;2747;
2017;01;27;7361;
2017;01;28;2118;
2017;01;29;5440;
2017;01;30;7447;
2017;01;31;2566;
2017;02;1;2753;
2017;02;2;3112;
2017;02;3;4936;
2017;02;4;4315;
2017;02;5;2306;
2017;02;6;5825;
2017;02;7;3689;
2017;02;8;3486;
2017;02;9;4736;
2017;02;10;4361;
2017;02;11;3312;
2017;02;12;3451;
2017;02;13;9392;
2017;02;14;10187;
2017;02;15;10278;
2017;02;16;9701;
2017;02;17;3023;
2017;02;18;5048;
2017;02;19;4980;
2017;02;20;4716;
2017;02;21;3022;
2017;02;22;2505;
2017;02;23;2772;
2017;02;24;7288;
2017;02;25;8952;
2017;02;26;5442;
2017;02;27;11746;
2017;02;28;6897;
2017;03;1;7997;
2017;03;2;7277;
2017;03;3;11570;
2017;03;4;12841;
2017;03;5;6500;
2017;03;6;6159;
2017;03;7;4107;
2017;03;8;7924;
2017;03;9;6604;
2017;03;10;4883;
2017;03;11;8365;
2017;03;12;6000;
2017;03;13;14360;
2017;03;14;11125;
2017;03;15;6427;
2017;03;16;16207;
2017;03;17;12232;
2017;03;18;4588;
2017;03;19;8485;
2017;03;20;7493;
2017;03;21;7627;
2017;03;22;7482;
2017;03;23;4909;
2017;03;24;17176;
2017;03;25;13685;
2017;03;26;19091;
2017;03;27;19402;
2017;03;28;19552;
2017;03;29;14122;
2017;03;30;8627;
2017;03;31;19243;
2017;04;1;19343;
2017;04;2;17975;
2017;04;3;8216;
2017;04;4;7291;
2017;04;5;4905;
2017;04;6;13594;
2017;04;7;3957;
2017;04;8;12082;
2017;04;9;18575;
2017;04;10;21683;
2017;04;11;10273;
2017;04;12;9435;
2017;04;13;8478;
2017;04;14;17350;
2017;04;15;12722;
2017;04;16;12517;
2017;04;17;11505;
2017;04;18;10708;
2017;04;19;14513;
2017;04;20;16507;
2017;04;21;17537;
2017;04;22;9612;
2017;04;23;15851;
2017;04;24;23134;
2017;04;25;14907;
2017;04;26;3987;
2017;04;27;7770;
2017;04;28;10133;
2017;04;29;19946;
2017;04;30;18941;
2017;05;1;22871;
2017;05;2;16514;
2017;05;3;19726;
2017;05;4;17238;
2017;05;5;14919;
2017;05;6;16310;
2017;05;7;19465;
2017;05;8;17536;
2017;05;9;17827;
2017;05;10;24726;
2017;05;11;28224;
2017;05;12;19278;
2017;05;13;16301;
2017;05;14;22202;
2017;05;15;19996;
2017;05;16;24534;
2017;05;17;22789;
2017;05;18;28776;
2017;05;19;29026;
2017;05;20;5529;
2017;05;21;21499;
2017;05;22;25689;
2017;05;23;25300;
2017;05;24;14118;
2017;05;25;15973;
2017;05;26;24065;
2017;05;27;29855;
2017;05;28;30163;
2017;05;29;26484;
2017;05;30;24816;
2017;05;31;21567;
2017;06;1;30691;
2017;06;2;30807;
2017;06;3;29276;
2017;06;4;14893;
2017;06;5;25506;
2017;06;6;15042;
2017;06;7;25906;
2017;06;8;29754;
2017;06;9;29941;
2017;06;10;26593;
2017;06;11;30041;
2017;06;12;19969;
2017;06;13;23884;
2017;06;14;29304;
2017;06;15;30411;
2017;06;16;20322;
2017;06;17;6801;
2017;06;18;22104;
2017;06;19;30549;
2017;06;20;29890;
2017;06;21;29473;
2017;06;22;27747;
2017;06;23;16582;
2017;06;24;29689;
2017;06;25;21925;
2017;06;26;14851;
2017;06;27;16797;
2017;06;28;24075;
2017;06;29;8606;
2017;06;30;22787;
2017;07;1;16185;
2017;07;2;18272;
2017;07;3;26529;
2017;07;4;19829;
2017;07;5;24296;
2017;07;6;27166;
2017;07;7;19450;
2017;07;8;23928;
2017;07;9;22714;
2017;07;10;21578;
2017;07;11;10573;
2017;07;12;17414;
2017;07;13;20950;
2017;07;14;17537;
2017;07;15;16840;
2017;07;16;21258;
2017;07;17;16210;
2017;07;18;23108;
2017;07;19;25954;
2017;07;20;19478;
2017;07;21;22033;
2017;07;22;15966;
2017;07;23;16330;
2017;07;24;8026;
2017;07;25;10886;
2017;07;26;12964;
2017;07;27;10671;
2017;07;28;17761;
2017;07;29;25090;
2017;07;30;25180;
2017;07;31;25885;
2017;08;1;25938;
2017;08;2;20232;
2017;08;3;12661;
2017;08;4;13138;
2017;08;5;26241;
2017;08;6;20208;
2017;08;7;25026;
2017;08;8;24057;
2017;08;9;19588;
2017;08;10;22167;
2017;08;11;6845;
2017;08;12;12762;
2017;08;13;13023;
2017;08;14;22334;
2017;08;15;24661;
2017;08;16;8293;
2017;08;17;18182;
2017;08;18;20686;
2017;08;19;9375;
2017;08;20;18124;
2017;08;21;19551;
2017;08;22;13903;
2017;08;23;21653;
2017;08;24;18988;
2017;08;25;20177;
2017;08;26;18932;
2017;08;27;18237;
2017;08;28;21212;
2017;08;29;22224;
2017;08;30;21804;
2017;08;31;16967;
2017;09;1;1768;
2017;09;2;11062;
2017;09;3;7698;
2017;09;4;16560;
2017;09;5;18740;
2017;09;6;8818;
2017;09;7;12712;
2017;09;8;16314;
2017;09;9;15201;
2017;09;10;3916;
2017;09;11;5394;
2017;09;12;10191;
2017;09;13;7679;
2017;09;14;4566;
2017;09;15;9496;
2017;09;16;3492;
2017;09;17;5261;
2017;09;18;13204;
2017;09;19;7886;
2017;09;20;6864;
2017;09;21;7515;
2017;09;22;8259;
2017;09;23;2462;
2017;09;24;2993;
2017;09;25;6570;
2017;09;26;4368;
2017;09;27;13110;
2017;09;28;14249;
2017;09;29;13627;
2017;09;30;14829;
2017;10;1;14429;
2017;10;2;13443;
2017;10;3;2670;
2017;10;4;8129;
2017;10;5;2210;
2017;10;6;8767;
2017;10;7;8026;
2017;10;8;4997;
2017;10;9;9507;
2017;10;10;2378;
2017;10;11;4479;
2017;10;12;6897;
2017;10;13;8546;
2017;10;14;9341;
2017;10;15;11494;
2017;10;16;11672;
2017;10;17;10698;
2017;10;18;4200;
2017;10;19;2337;
2017;10;20;5620;
2017;10;21;2968;
2017;10;22;2895;
2017;10;23;3611;
2017;10;24;4186;
2017;10;25;3465;
2017;10;26;6132;
2017;10;27;2613;
2017;10;28;2347;
2017;10;29;4601;
2017;10;30;6421;
2017;10;31;3462;
2017;11;1;2118;
2017;11;2;4819;
2017;11;3;3286;
2017;11;4;6689;
2017;11;5;3297;
2017;11;6;722;
2017;11;7;5101;
2017;11;8;1284;
2017;11;9;1351;
2017;11;10;1607;
2017;11;11;2559;
2017;11;12;3163;
2017;11;13;2956;
2017;11;14;5158;
2017;11;15;2712;
2017;11;16;5394;
2017;11;17;1668;
2017;11;18;1490;
2017;11;19;3200;
2017;11;20;1626;
2017;11;21;1070;
2017;11;22;2960;
2017;11;23;5005;
2017;11;24;4899;
2017;11;25;1862;
2017;11;26;3255;
2017;11;27;2985;
2017;11;28;1429;
2017;11;29;818;
2017;11;30;1704;
2017;12;1;3427;
2017;12;2;2676;
2017;12;3;2664;
2017;12;4;1427;
2017;12;5;747;
2017;12;6;1233;
2017;12;7;4378;
2017;12;8;979;
2017;12;9;2647;
2017;12;10;3967;
2017;12;11;2531;
2017;12;12;927;
2017;12;13;4330;
2017;12;14;1610;
2017;12;15;1627;
2017;12;16;1426;
2017;12;17;2025;
2017;12;18;1843;
2017;12;19;1196;
2017;12;20;1234;
2017;12;21;617;
2017;12;22;1124;
2017;12;23;1446;
2017;12;24;717;
2017;12;25;699;
2017;12;26;3758;
2017;12;27;2653;
2017;12;28;474;
2017;12;29;2061;
2017;12;30;1555;
2017;12;31;1190;
2018;01;1;1303;
2018;01;2;1399;
2018;01;3;567;
2018;01;4;2248;
2018;01;5;1492;
2018;01;6;4547;
2018;01;7;1109;
2018;01;8;654;
2018;01;9;2153;
2018;01;10;555;
2018;01;11;831;
2018;01;12;2262;
2018;01;13;1033;
2018;01;14;4471;
2018;01;15;1494;
2018;01;16;1316;
2018;01;17;2751;
2018;01;18;1949;
2018;01;19;3322;
2018;01;20;3785;
2018;01;21;4355;
2018;01;22;4601;
2018;01;23;1861;
2018;01;24;1755;
2018;01;25;6214;
2018;01;26;4406;
2018;01;27;1239;
2018;01;28;1519;
2018;01;29;3820;
2018;01;30;4721;
2018;01;31;3205;
2018;02;1;1498;
2018;02;2;4135;
2018;02;3;3844;
2018;02;4;7598;
2018;02;5;3806;
2018;02;6;7652;
2018;02;7;2922;
2018;02;8;3244;
2018;02;9;2406;
2018;02;10;1872;
2018;02;11;4157;
2018;02;12;5213;
2018;02;13;4530;
2018;02;14;4495;
2018;02;15;8579;
2018;02;16;3736;
2018;02;17;4607;
2018;02;18;5129;
2018;02;19;9618;
2018;02;20;8029;
2018;02;21;11177;
2018;02;22;11459;
2018;02;23;11193;
2018;02;24;9363;
2018;02;25;12622;
2018;02;26;12268;
2018;02;27;10577;
2018;02;28;12478;
2018;03;1;12727;
2018;03;2;4174;
2018;03;3;9931;
2018;03;4;12421;
2018;03;5;4416;
2018;03;6;2778;
2018;03;7;2287;
2018;03;8;8056;
2018;03;9;11883;
2018;03;10;6023;
2018;03;11;11008;
2018;03;12;2456;
2018;03;13;8033;
2018;03;14;3385;
2018;03;15;10976;
2018;03;16;2321;
2018;03;17;5344;
2018;03;18;11025;
2018;03;19;10608;
2018;03;20;11517;
2018;03;21;15735;
2018;03;22;9610;
2018;03;23;4083;
2018;03;24;8151;
2018;03;25;15685;
2018;03;26;9396;
2018;03;27;9209;
2018;03;28;7014;
2018;03;29;8351;
2018;03;30;15445;
2018;03;31;7611;
2018;04;1;13112;
2018;04;2;17468;
2018;04;3;14987;
2018;04;4;14769;
2018;04;5;14787;
2018;04;6;21133;
2018;04;7;21216;
2018;04;8;8507;
2018;04;9;20754;
2018;04;10;19173;
2018;04;11;19945;
2018;04;12;18180;
2018;04;13;10152;
2018;04;14;21693;
2018;04;15;17139;
2018;04;16;4196;
2018;04;17;15590;
2018;04;18;23004;
2018;04;19;22703;
2018;04;20;23625;
2018;04;21;23283;
2018;04;22;23996;
2018;04;23;15519;
2018;04;24;16965;
2018;04;25;19666;
2018;04;26;19599;
2018;04;27;23470;
2018;04;28;24773;
2018;04;29;23493;
2018;04;30;18889;
2018;05;1;19541;
2018;05;2;21744;
2018;05;3;19862;
2018;05;4;24785;
2018;05;5;26167;
2018;05;6;22612;
2018;05;7;27663;
2018;05;8;20382;
2018;05;9;18834;
2018;05;10;21295;
2018;05;11;18312;
2018;05;12;18276;
2018;05;13;28195;
2018;05;14;25085;
2018;05;15;19184;
2018;05;16;11468;
2018;05;17;6444;
2018;05;18;18177;
2018;05;19;23193;
2018;05;20;25637;
2018;05;21;27194;
2018;05;22;22647;
2018;05;23;17033;
2018;05;24;21513;
2018;05;25;19960;
2018;05;26;27811;
2018;05;27;25091;
2018;05;28;26737;
2018;05;29;23804;
2018;05;30;24929;
2018;05;31;28671;
2018;06;1;16928;
2018;06;2;25376;
2018;06;3;23203;
2018;06;4;26175;
2018;06;5;21860;
2018;06;6;28010;
2018;06;7;28842;
2018;06;8;27398;
2018;06;9;15960;
2018;06;10;15081;
2018;06;11;21336;
2018;06;12;10145;
2018;06;13;8373;
2018;06;14;13205;
2018;06;15;26451;
2018;06;16;26796;
2018;06;17;24430;
2018;06;18;25190;
2018;06;19;19939;
2018;06;20;21589;
2018;06;21;18485;
2018;06;22;15722;
2018;06;23;12905;
2018;06;24;15611;
2018;06;25;21736;
2018;06;26;19673;
2018;06;27;19250;
2018;06;28;6946;
2018;06;29;22937;
2018;06;30;28886;
2018;07;1;27474;
2018;07;2;29397;
2018;07;3;30644;
2018;07;4;29040;
2018;07;5;27068;
2018;07;6;17000;
2018;07;7;28957;
2018;07;8;15862;
2018;07;9;17512;
2018;07;10;11221;
2018;07;11;12039;
2018;07;12;13322;
2018;07;13;17694;
2018;07;14;25648;
2018;07;15;25158;
2018;07;16;25874;
2018;07;17;10359;
2018;07;18;5419;
2018;07;19;18194;
2018;07;20;23642;
2018;07;21;24274;
2018;07;22;25159;
2018;07;23;22265;
2018;07;24;27189;
2018;07;25;23905;
2018;07;26;21685;
2018;07;27;18976;
2018;07;28;22567;
2018;07;29;24040;
2018;07;30;22666;
2018;07;31;24988;
2018;08;1;21817;
2018;08;2;20109;
2018;08;3;24674;
2018;08;4;22684;
2018;08;5;19290;
2018;08;6;26777;
2018;08;7;25886;
2018;08;8;22987;
2018;08;9;22054;
2018;08;10;6544;
2018;08;11;21825;
2018;08;12;23952;
2018;08;13;23500;
2018;08;14;17237;
2018;08;15;20067;
2018;08;16;20773;
2018;08;17;23604;
2018;08;18;20046;
2018;08;19;22227;
2018;08;20;22688;
2018;08;21;18093;
2018;08;22;20784;
2018;08;23;18510;
2018;08;24;11808;
2018;08;25;10981;
2018;08;26;19676;
2018;08;27;21438;
2018;08;28;16478;
2018;08;29;20636;
2018;08;30;10311;
2018;08;31;14682;
2018;09;1;5088;
2018;09;2;15124;
2018;09;3;10025;
2018;09;4;15752;
2018;09;5;17141;
2018;09;6;20005;
2018;09;7;14478;
2018;09;8;19378;
2018;09;9;16620;
2018;09;10;18284;
2018;09;11;14115;
2018;09;12;18991;
2018;09;13;12650;
2018;09;14;3125;
2018;09;15;12992;
2018;09;16;17866;
2018;09;17;17376;
2018;09;18;17157;
2018;09;19;15036;
2018;09;20;16287;
2018;09;21;15639;
2018;09;22;12943;
2018;09;23;5696;
2018;09;24;11361;
2018;09;25;12501;
2018;09;26;15911;
2018;09;27;8942;
2018;09;28;14635;
2018;09;29;15124;
2018;09;30;15563;
2018;10;1;7567;
2018;10;2;6617;
2018;10;3;9306;
2018;10;4;11404;
2018;10;5;14141;
2018;10;6;12222;
2018;10;7;10346;
2018;10;8;6290;
2018;10;9;12002;
2018;10;10;12448;
2018;10;11;12476;
2018;10;12;11973;
2018;10;13;11755;
2018;10;14;11808;
2018;10;15;10560;
2018;10;16;10635;
2018;10;17;10161;
2018;10;18;9797;
2018;10;19;3965;
2018;10;20;5590;
2018;10;21;6643;
2018;10;22;10123;
2018;10;23;3164;
2018;10;24;5943;
2018;10;25;2568;
2018;10;26;4149;
2018;10;27;2079;
2018;10;28;762;
2018;10;29;3132;
2018;10;30;8650;
2018;10;31;9093;
2018;11;1;6210;
2018;11;2;6279;
2018;11;3;1526;
2018;11;4;6076;
2018;11;5;4056;
2018;11;6;7521;
2018;11;7;7071;
2018;11;8;2221;
2018;11;9;1221;
2018;11;10;946;
2018;11;11;2618;
2018;11;12;2945;
2018;11;13;1741;
2018;11;14;6249;
2018;11;15;5970;
2018;11;16;6148;
2018;11;17;6689;
2018;11;18;4640;
2018;11;19;5181;
2018;11;20;2075;
2018;11;21;1779;
2018;11;22;2340;
2018;11;23;815;
2018;11;24;830;
2018;11;25;2345;
2018;11;26;2820;
2018;11;27;3483;
2018;11;28;4656;
2018;11;29;5596;
2018;11;30;3048;
2018;12;1;1423;
2018;12;2;2009;
2018;12;3;1197;
2018;12;4;1976;
2018;12;5;4987;
2018;12;6;2220;
2018;12;7;1086;
2018;12;8;2212;
2018;12;9;1301;
2018;12;10;2181;
2018;12;11;1105;
2018;12;12;1294;
2018;12;13;4878;
2018;12;14;4541;
2018;12;15;1019;
2018;12;16;961;
2018;12;17;1145;
2018;12;18;1058;
2018;12;19;2444;
2018;12;20;1259;
2018;12;21;1616;
2018;12;22;1191;
2018;12;23;1404;
2018;12;24;2104;
2018;12;25;1316;
2018;12;26;946;
2018;12;27;1601;
2018;12;28;1342;
2018;12;29;898;
2018;12;30;876;
2018;12;31;4518;
2019;01;1;523;
2019;01;2;1849;
2019;01;3;2045;
2019;01;4;1911;
2019;01;5;1750;
2019;01;6;1318;
2019;01;7;1445;
2019;01;8;1668;
2019;01;9;1076;
2019;01;10;1602;
2019;01;11;4373;
2019;01;12;1810;
2019;01;13;1161;
2019;01;14;2626;
2019;01;15;1842;
2019;01;16;2647;
2019;01;17;2237;
2019;01;18;3268;
2019;01;19;6362;
2019;01;20;4253;
2019;01;21;6267;
2019;01;22;5961;
2019;01;23;6370;
2019;01;24;2655;
2019;01;25;2445;
2019;01;26;2086;
2019;01;27;3085;
2019;01;28;1993;
2019;01;29;4351;
2019;01;30;7441;
2019;01;31;4427;
2019;02;1;4542;
2019;02;2;1721;
2019;02;3;805;
2019;02;4;6093;
2019;02;5;8375;
2019;02;6;2852;
2019;02;7;7617;
2019;02;8;5669;
2019;02;9;5088;
2019;02;10;3690;
2019;02;11;2776;
2019;02;12;7364;
2019;02;13;2191;
2019;02;14;3822;
2019;02;15;5853;
2019;02;16;10328;
2019;02;17;10570;
2019;02;18;10622;
2019;02;19;10015;
2019;02;20;5238;
2019;02;21;4962;
2019;02;22;9372;
2019;02;23;9157;
2019;02;24;6300;
2019;02;25;10382;
2019;02;26;4912;
2019;02;27;12499;
2019;02;28;11878;
2019;03;1;4457;
2019;03;2;4551;
2019;03;3;5204;
2019;03;4;6229;
2019;03;5;5277;
2019;03;6;13351;
2019;03;7;10402;
2019;03;8;11092;
2019;03;9;4679;
2019;03;10;3424;
2019;03;11;7236;
2019;03;12;11162;
2019;03;13;9673;
2019;03;14;8746;
2019;03;15;5944;
2019;03;16;5822;
2019;03;17;15181;
2019;03;18;8852;
2019;03;19;13195;
2019;03;20;16144;
2019;03;21;16805;
2019;03;22;17063;
2019;03;23;17375;
2019;03;24;6025;
2019;03;25;10055;
2019;03;26;8405;
2019;03;27;13999;
2019;03;28;5768;
2019;03;29;14979;
2019;03;30;18839;
2019;03;31;15643;
2019;04;1;20526;
2019;04;2;18565;
2019;04;3;17870;
2019;04;4;15405;
2019;04;5;18126;
2019;04;6;12755;
2019;04;7;18803;
2019;04;8;18098;
2019;04;9;15843;
2019;04;10;18960;
2019;04;11;16723;
2019;04;12;13603;
2019;04;13;14060;
2019;04;14;13761;
2019;04;15;23206;
2019;04;16;23619;
2019;04;17;20684;
2019;04;18;20026;
2019;04;19;23832;
2019;04;20;23599;
2019;04;21;24475;
2019;04;22;24930;
2019;04;23;14201;
2019;04;24;14285;
2019;04;25;23331;
2019;04;26;19876;
2019;04;27;7610;
2019;04;28;12915;
2019;04;29;3668;
2019;04;30;16505;
2019;05;1;20709;
2019;05;2;22393;
2019;05;3;9617;
2019;05;4;13216;
2019;05;5;18842;
2019;05;6;16567;
2019;05;7;25639;
2019;05;8;25536;
2019;05;9;11024;
2019;05;10;16163;
2019;05;11;14911;
2019;05;12;11212;
2019;05;13;17627;
2019;05;14;15836;
2019;05;15;4832;
2019;05;16;8632;
2019;05;17;21264;
2019;05;18;26888;
2019;05;19;24950;
2019;05;20;9117;
2019;05;21;19767;
2019;05;22;2501;
2019;05;23;10782;
2019;05;24;27191;
2019;05;25;26333;
2019;05;26;26857;
2019;05;27;22162;
2019;05;28;7002;
2019;05;29;14616;
2019;05;30;30049;
2019;05;31;24613;
2019;06;1;28210;
2019;06;2;29465;
2019;06;3;30772;
2019;06;4;29210;
2019;06;5;23685;
2019;06;6;18572;
2019;06;7;24483;
2019;06;8;20229;
2019;06;9;29685;
2019;06;10;26313;
2019;06;11;28149;
2019;06;12;28125;
2019;06;13;17021;
2019;06;14;29082;
2019;06;15;23265;
2019;06;16;10504;
2019;06;17;30450;
2019;06;18;25226;
2019;06;19;26084;
2019;06;20;26341;
2019;06;21;17809;
2019;06;22;18683;
2019;06;23;23258;
2019;06;24;28048;
2019;06;25;28356;
2019;06;26;28804;
2019;06;27;30894;
2019;06;28;26385;
2019;06;29;30251;
2019;06;30;30287;
2019;07;1;18888;
2019;07;2;27660;
2019;07;3;29299;
2019;07;4;30053;
2019;07;5;18748;
2019;07;6;26225;
2019;07;7;14789;
2019;07;8;23259;
2019;07;9;14156;
2019;07;10;22779;
2019;07;11;24372;
2019;07;12;10692;
2019;07;13;12364;
2019;07;14;17237;
2019;07;15;20192;
2019;07;16;15719;
2019;07;17;25644;
2019;07;18;25999;
2019;07;19;17968;
2019;07;20;24117;
2019;07;21;14202;
2019;07;22;21178;
2019;07;23;26970;
2019;07;24;28007;
2019;07;25;27219;
2019;07;26;26516;
2019;07;27;13439;
2019;07;28;16360;
2019;07;29;15226;
2019;07;30;16404;
2019;07;31;16667;
2019;08;1;23710;
2019;08;2;20055;
2019;08;3;16012;
2019;08;4;20227;
2019;08;5;19673;
2019;08;6;19291;
2019;08;7;19219;
2019;08;8;20375;
2019;08;9;24486;
2019;08;10;6670;
2019;08;11;22892;
2019;08;12;8260;
2019;08;13;16785;
2019;08;14;19182;
2019;08;15;22971;
2019;08;16;15517;
2019;08;17;13898;
2019;08;18;20258;
2019;08;19;11654;
2019;08;20;11130;
2019;08;21;13366;
2019;08;22;18046;
2019;08;23;22587;
2019;08;24;18640;
2019;08;25;16913;
2019;08;26;16692;
2019;08;27;17807;
2019;08;28;17927;
2019;08;29;18270;
2019;08;30;16506;
2019;08;31;19784;
2019;09;1;17978;
2019;09;2;2909;
2019;09;3;17477;
2019;09;4;20937;
2019;09;5;18366;
2019;09;6;10242;
2019;09;7;2819;
2019;09;8;10632;
2019;09;9;7459;
2019;09;10;16345;
2019;09;11;16755;
2019;09;12;16772;
2019;09;13;12244;
2019;09;14;18703;
2019;09;15;17451;
2019;09;16;8180;
2019;09;17;14233;
2019;09;18;16943;
2019;09;19;15377;
2019;09;20;16507;
2019;09;21;17043;
2019;09;22;17066;
2019;09;23;13849;
2019;09;24;11185;
2019;09;25;4665;
2019;09;26;12435;
2019;09;27;7324;
2019;09;28;9652;
2019;09;29;11528;
2019;09;30;8258;
2019;10;1;9694;
2019;10;2;5075;
2019;10;3;7117;
2019;10;4;6423;
2019;10;5;2945;
2019;10;6;12653;
2019;10;7;14199;
2019;10;8;3585;
2019;10;9;5445;
2019;10;10;6489;
2019;10;11;7913;
2019;10;12;12708;
2019;10;13;11745;
2019;10;14;11771;
2019;10;15;11826;
2019;10;16;5961;
2019;10;17;9904;
2019;10;18;9234;
2019;10;19;7892;
2019;10;20;9974;
2019;10;21;9178;
2019;10;22;5009;
2019;10;23;4585;
2019;10;24;9443;
2019;10;25;4451;
2019;10;26;9858;
2019;10;27;9340;
2019;10;28;8840;
2019;10;29;5624;
2019;10;30;7158;
2019;10;31;9171;
2019;11;1;8561;
2019;11;2;1904;
2019;11;3;2281;
2019;11;4;4114;
2019;11;5;3398;
2019;11;6;5508;
2019;11;7;7576;
2019;11;8;3349;
2019;11;9;1354;
2019;11;10;4634;
2019;11;11;3363;
2019;11;12;688;
2019;11;13;811;
2019;11;14;6779;
2019;11;15;3374;
2019;11;16;3385;
2019;11;17;4269;
2019;11;18;1233;
2019;11;19;4728;
2019;11;20;2832;
2019;11;21;1720;
2019;11;22;1269;
2019;11;23;1404;
2019;11;24;1598;
2019;11;25;1266;
2019;11;26;499;
2019;11;27;924;
2019;11;28;2562;
2019;11;29;1683;
2019;11;30;5462;
2019;12;1;4065;
2019;12;2;1649;
2019;12;3;4453;
2019;12;4;2563;
2019;12;5;1092;
2019;12;6;4660;
2019;12;7;1150;
2019;12;8;1991;
2019;12;9;1182;
2019;12;10;4792;
2019;12;11;4780;
2019;12;12;1066;
2019;12;13;753;
2019;12;14;1176;
2019;12;15;1022;
2019;12;16;3830;
2019;12;17;1732;
2019;12;18;2341;
2019;12;19;1382;
2019;12;20;4140;
2019;12;21;1784;
2019;12;22;972;
2019;12;23;935;
2019;12;24;2945;
2019;12;25;1769;
2019;12;26;3077;
2019;12;27;1459;
2019;12;28;1348;
2019;12;29;2480;
2019;12;30;3759;
2019;12;31;2402;
2020;01;1;4545;
2020;01;2;5312;
2020;01;3;2599;
2020;01;4;1905;
2020;01;5;5179;
2020;01;6;2003;
2020;01;7;4085;
2020;01;8;2822;
2020;01;9;1170;
2020;01;10;2105;
2020;01;11;2970;
2020;01;12;5282;
2020;01;13;1433;
2020;01;14;4992;
2020;01;15;5408;
2020;01;16;3082;
2020;01;17;4299;
2020;01;18;1020;
2020;01;19;1419;
2020;01;20;2545;
2020;01;21;4827;
2020;01;22;1192;
2020;01;23;1989;
2020;01;24;782;
2020;01;25;1436;
2020;01;26;979;
2020;01;27;3969;
2020;01;28;2491;
2020;01;29;3206;
2020;01;30;3410;
2020;01;31;3600;
2020;02;1;4201;
2020;02;2;3437;
2020;02;3;2592;
2020;02;4;2902;
2020;02;5;6186;
2020;02;6;2848;
2020;02;7;3570;
2020;02;8;7704;
2020;02;9;8318;
2020;02;10;3786;
2020;02;11;5632;
2020;02;12;5230;
2020;02;13;7163;
2020;02;14;4410;
2020;02;15;6456;
2020;02;16;5350;
2020;02;17;3457;
2020;02;18;5285;
2020;02;19;3559;
2020;02;20;7762;
2020;02;21;4535;
2020;02;22;9132;
2020;02;23;1453;
2020;02;24;6234;
2020;02;25;2541;
2020;02;26;5035;
2020;02;27;8041;
2020;02;28;5525;
2020;02;29;3760;
2020;03;1;7727;
2020;03;2;8050;
2020;03;3;2154;
2020;03;4;12136;
2020;03;5;13623;
2020;03;6;4047;
2020;03;7;3011;
2020;03;8;11158;
2020;03;9;6470;
2020;03;10;8931;
2020;03;11;4609;
2020;03;12;9419;
2020;03;13;12192;
2020;03;14;15360;
2020;03;15;17158;
2020;03;16;15840;
2020;03;17;11399;
2020;03;18;15726;
2020;03;19;14280;
2020;03;20;11010;
2020;03;21;3446;
2020;03;22;10124;
2020;03;23;19053;
2020;03;24;19029;
2020;03;25;18835;
2020;03;26;11054;
2020;03;27;17342;
2020;03;28;17489;
2020;03;29;12579;
2020;03;30;18724;
2020;03;31;12512;
2020;04;1;20970;
2020;04;2;20664;
2020;04;3;9303;
2020;04;4;17676;
2020;04;5;21500;
2020;04;6;21510;
2020;04;7;21639;
2020;04;8;22821;
2020;04;9;21344;
2020;04;10;19763;
2020;04;11;22491;
2020;04;12;22486;
2020;04;13;13638;
2020;04;14;16839;
2020;04;15;20146;
2020;04;16;23356;
2020;04;17;22142;
2020;04;18;21886;
2020;04;19;16941;
2020;04;20;25198;
2020;04;21;25028;
2020;04;22;25243;
2020;04;23;25219;
2020;04;24;20746;
2020;04;25;19180;
2020;04;26;18848;
2020;04;27;25947;
2020;04;28;19946;
2020;04;29;6529;
2020;04;30;20100;
2020;05;1;18608;
2020;05;2;15010;
2020;05;3;11595;
2020;05;4;15776;
2020;05;5;20262;
2020;05;6;17733;
2020;05;7;26739;
2020;05;8;25763;
2020;05;9;21951;
2020;05;10;12487;
2020;05;11;13271;
2020;05;12;25530;
2020;05;13;20048;
2020;05;14;14904;
2020;05;15;17440;
2020;05;16;28308;
2020;05;17;25962;
2020;05;18;28355;
2020;05;19;24354;
2020;05;20;20909;
2020;05;21;25904;
2020;05;22;25542;
2020;05;23;4868;
2020;05;24;18034;
2020;05;25;14538;
2020;05;26;20022;
2020;05;27;27331;
2020;05;28;8275;
2020;05;29;22338;
2020;05;30;17777;
2020;05;31;6306;
2020;06;1;28819;
2020;06;2;19114;
2020;06;3;26842;
2020;06;4;18379;
2020;06;5;11203;
2020;06;6;8184;
2020;06;7;11580;
2020;06;8;9167;
2020;06;9;20859;
2020;06;10;7777;
2020;06;11;24468;
2020;06;12;20882;
2020;06;13;27238;
2020;06;14;13337;
2020;06;15;21871;
2020;06;16;27143;
2020;06;17;18557;
2020;06;18;6454;
2020;06;19;2887;
2020;06;20;2879;
2020;06;21;8147;
2020;06;22;26837;
2020;06;23;30186;
2020;06;24;16805;
2020;06;25;26926;
2020;06;26;16506;
2020;06;27;27460;
2020;06;28;25417;
2020;06;29;7682;
2020;06;30;29628;
2020;07;1;30250;
2020;07;2;20314;
2020;07;3;20012;
2020;07;4;29082;
2020;07;5;21914;
2020;07;6;15739;
2020;07;7;20776;
2020;07;8;10517;
2020;07;9;13629;
2020;07;10;25954;
2020;07;11;5517;
2020;07;12;15795;
2020;07;13;26166;
2020;07;14;29937;
2020;07;15;20929;
2020;07;16;15033;
2020;07;17;15375;
2020;07;18;17110;
2020;07;19;22114;
2020;07;20;23773;
2020;07;21;19049;
2020;07;22;26602;
2020;07;23;22722;
2020;07;24;26477;
2020;07;25;22796;
2020;07;26;15797;
2020;07;27;25552;
2020;07;28;23861;
2020;07;29;25589;
2020;07;30;27172;
2020;07;31;25500;
2020;08;1;27356;
2020;08;2;12667;
2020;08;3;3737;
2020;08;4;3586;
2020;08;5;25469;
2020;08;6;20944;
2020;08;7;25034;
2020;08;8;23911;
2020;08;9;20690;
2020;08;10;13956;
2020;08;11;17753;
2020;08;12;24254;
2020;08;13;23168;
2020;08;14;14081;
2020;08;15;15960;
2020;08;16;22616;
2020;08;17;21498;
2020;08;18;10485;
2020;08;19;16568;
2020;08;20;22916;
2020;08;21;23155;
2020;08;22;13412;
2020;08;23;15832;
2020;08;24;18537;
2020;08;25;20331;
2020;08;26;19227;
2020;08;27;9903;
2020;08;28;19340;
2020;08;29;6093;
2020;08;30;6009;
2020;08;31;7666;
2020;09;1;3187;
2020;09;2;17317;
2020;09;3;18652;
2020;09;4;12136;
2020;09;5;14848;
2020;09;6;17998;
2020;09;7;18339;
2020;09;8;19531;
2020;09;9;19327;
2020;09;10;10922;
2020;09;11;17241;
2020;09;12;17509;
2020;09;13;16729;
2020;09;14;17395;
2020;09;15;17673;
2020;09;16;17248;
2020;09;17;10451;
2020;09;18;18066;
2020;09;19;15982;
2020;09;20;16980;
2020;09;21;15806;
2020;09;22;15650;
2020;09;23;14083;
2020;09;24;12586;
2020;09;25;2848;
2020;09;26;1781;
2020;09;27;4200;
2020;09;28;2664;
2020;09;29;1863;
2020;09;30;5494;
2020;10;1;5073;
2020;10;2;11831;
2020;10;3;11348;
2020;10;4;10694;
2020;10;5;4232;
2020;10;6;7644;
2020;10;7;7531;
2020;10;8;9902;
2020;10;9;4563;
2020;10;10;4225;
2020;10;11;5908;
2020;10;12;6748;
2020;10;13;2061;
2020;10;14;1763;
2020;10;15;3783;
2020;10;16;2550;
2020;10;17;3097;
2020;10;18;5474;
2020;10;19;5413;
2020;10;20;9665;
2020;10;21;6223;
2020;10;22;8065;
2020;10;23;3637;
2020;10;24;7293;
2020;10;25;7552;
2020;10;26;1588;
2020;10;27;1986;
2020;10;28;7525;
2020;10;29;2646;
2020;10;30;1103;
2020;10;31;2226;
2020;11;1;2620;
2020;11;2;2200;
2020;11;3;1983;
2020;11;4;3617;
2020;11;5;7582;
2020;11;6;4051;
2020;11;7;6914;
2020;11;8;1524;
2020;11;9;1614;
2020;11;10;1402;
2020;11;11;782;
2020;11;12;1146;
2020;11;13;4054;
2020;11;14;3414;
2020;11;15;3903;
2020;11;16;2054;
2020;11;17;3562;
2020;11;18;4872;
2020;11;19;3978;
2020;11;20;4032;
2020;11;21;2960;
2020;11;22;3292;
2020;11;23;1542;
2020;11;24;5581;
2020;11;25;966;
2020;11;26;742;
2020;11;27;938;
2020;11;28;3123;
2020;11;29;2423;
2020;11;30;2579;
2020;12;1;4169;
2020;12;2;3777;
2020;12;3;1134;
2020;12;4;1717;
2020;12;5;2537;
2020;12;6;2735;
2020;12;7;664;
2020;12;8;1874;
2020;12;9;1532;
2020;12;10;3118;
2020;12;11;2107;
2020;12;12;966;
2020;12;13;1475;
2020;12;14;3333;
2020;12;15;1095;
2020;12;16;1459;
2020;12;17;546;
2020;12;18;630;
2020;12;19;708;
2020;12;20;704;
2020;12;21;1311;
2020;12;22;569;
2020;12;23;1560;
2020;12;24;1677;
2020;12;25;1043;
2020;12;26;2899;
2020;12;27;4725;
2020;12;28;1211;
2020;12;29;3081;
2020;12;30;3331;
2020;12;31;4124;
2021;01;1;3955;
2021;01;2;809;
2021;01;3;672;
2021;01;4;922;
2021;01;5;1280;
2021;01;6;860;
2021;01;7;1859;
2021;01;8;1612;
2021;01;9;2726;
2021;01;10;1368;
2021;01;11;3012;
2021;01;12;1312;
2021;01;13;2232;
2021;01;14;3083;
2021;01;15;3373;
2021;01;16;4199;
2021;01;17;4276;
2021;01;18;1759;
2021;01;19;2981;
2021;01;20;5781;
2021;01;21;6247;
2021;01;22;4659;
2021;01;23;1226;
2021;01;24;2255;
2021;01;25;4735;
2021;01;26;3630;
2021;01;27;3669;
2021;01;28;1867;
2021;01;29;1253;
2021;01;30;2867;
2021;01;31;7850;
2021;02;1;8087;
2021;02;2;2008;
2021;02;3;2726;
2021;02;4;1533;
2021;02;5;4332;
2021;02;6;1898;
2021;02;7;1961;
2021;02;8;3841;
2021;02;9;6250;
2021;02;10;2719;
2021;02;11;5274;
2021;02;12;8992;
2021;02;13;8718;
2021;02;14;5360;
2021;02;15;7781;
2021;02;16;3636;
2021;02;17;2751;
2021;02;18;8448;
2021;02;19;7042;
2021;02;20;11109;
2021;02;21;2332;
2021;02;22;2290;
2021;02;23;5733;
2021;02;24;9581;
2021;02;25;10905;
2021;02;26;9970;
2021;02;27;7059;
2021;02;28;11384;
2021;03;1;9108;
2021;03;2;3992;
2021;03;3;3430;
2021;03;4;4995;
2021;03;5;8135;
2021;03;6;14359;
2021;03;7;14468;
2021;03;8;8093;
2021;03;9;10896;
2021;03;10;15080;
2021;03;11;2409;
2021;03;12;8236;
2021;03;13;5051;
2021;03;14;5817;
2021;03;15;10037;
2021;03;16;5300;
2021;03;17;4387;
2021;03;18;12778;
2021;03;19;7057;
2021;03;20;14835;
2021;03;21;3540;
2021;03;22;12161;
2021;03;23;6512;
2021;03;24;6226;
2021;03;25;17822;
2021;03;26;16612;
2021;03;27;7143;
2021;03;28;12174;
2021;03;29;10805;
2021;03;30;19118;
2021;03;31;19046;
2021;04;1;12781;
2021;04;2;8799;
2021;04;3;9788;
2021;04;4;17267;
2021;04;5;12042;
2021;04;6;10708;
2021;04;7;12589;
2021;04;8;13202;
2021;04;9;18132;
2021;04;10;11727;
2021;04;11;19155;
2021;04;12;4745;
2021;04;13;8651;
2021;04;14;11096;
2021;04;15;7301;
2021;04;16;3768;
2021;04;17;4313;
2021;04;18;10668;
2021;04;19;6936;
2021;04;20;15117;
2021;04;21;20039;
2021;04;22;21657;
2021;04;23;11438;
2021;04;24;19564;
2021;04;25;17808;
2021;04;26;26450;
2021;04;27;26261;
2021;04;28;25710;
2021;04;29;12699;
2021;04;30;24884;
2021;05;1;16428;
2021;05;2;6021;
2021;05;3;19344;
2021;05;4;15629;
2021;05;5;9455;
2021;05;6;15312;
2021;05;7;15685;
2021;05;8;23324;
2021;05;9;27502;
2021;05;10;27422;
2021;05;11;26989;
2021;05;12;18957;
2021;05;13;4566;
2021;05;14;8788;
2021;05;15;15044;
2021;05;16;19934;
2021;05;17;12400;
2021;05;18;16502;
2021;05;19;15810;
2021;05;20;22733;
2021;05;21;18657;
2021;05;22;14487;
2021;05;23;11512;
2021;05;24;19321;
2021;05;25;10184;
2021;05;26;10640;
2021;05;27;18123;
2021;05;28;14718;
2021;05;29;21464;
2021;05;30;18157;
2021;05;31;24700;
2021;06;1;27698;
2021;06;2;19837;
2021;06;3;29752;
2021;06;4;29919;
2021;06;5;21715;
2021;06;6;24583;
2021;06;7;24625;
2021;06;8;29571;
2021;06;9;21130;
2021;06;10;20785;
2021;06;11;23041;
2021;06;12;16570;
2021;06;13;17073;
2021;06;14;30745;
2021;06;15;27325;
2021;06;16;25488;
2021;06;17;30251;
2021;06;18;30075;
2021;06;19;30109;
2021;06;20;27569;
2021;06;21;22288;
2021;06;22;13158;
2021;06;23;25157;
2021;06;24;20925;
2021;06;25;12289;
2021;06;26;20637;
2021;06;27;27725;
2021;06;28;25618;
2021;06;29;20126;
2021;06;30;17278;
2021;07;1;19193;
2021;07;2;7662;
2021;07;3;22157;
2021;07;4;26718;
2021;07;5;18764;
2021;07;6;29385;
2021;07;7;8252;
2021;07;8;15635;
2021;07;9;16847;
2021;07;10;27104;
2021;07;11;19734;
2021;07;12;23380;
2021;07;13;25590;
2021;07;14;15116;
2021;07;15;19593;
2021;07;16;24266;
2021;07;17;20557;
2021;07;18;24783;
2021;07;19;26596;
2021;07;20;15184;
2021;07;21;18220;
2021;07;22;18290;
2021;07;23;23718;
2021;07;24;27088;
2021;07;25;21693;
2021;07;26;19912;
2021;07;27;24139;
2021;07;28;18595;
2021;07;29;24184;
2021;07;30;26458;
2021;07;31;22618;
2021;08;1;3825;
2021;08;2;17231;
2021;08;3;22810;
2021;08;4;13246;
2021;08;5;6859;
2021;08;6;18232;
2021;08;7;24653;
2021;08;8;16148;
2021;08;9;24770;
2021;08;10;22090;
2021;08;11;21250;
2021;08;12;23961;
2021;08;13;23661;
2021;08;14;23586;
2021;08;15;23942;
2021;08;16;18177;
2021;08;17;10462;
2021;08;18;12150;
2021;08;19;8551;
2021;08;20;8785;
2021;08;21;20751;
2021;08;22;9876;
2021;08;23;13722;
2021;08;24;9046;
2021;08;25;19642;
2021;08;26;11889;
2021;08;27;11009;
2021;08;28;11946;
2021;08;29;11927;
2021;08;30;12957;
2021;08;31;5579;
2021;09;1;20807;
2021;09;2;14278;
2021;09;3;20074;
2021;09;4;20621;
2021;09;5;19712;
2021;09;6;19814;
2021;09;7;12202;
2021;09;8;19257;
2021;09;9;20196;
2021;09;10;18513;
2021;09;11;15812;
2021;09;12;13582;
2021;09;13;15281;
2021;09;14;17312;
2021;09;15;13413;
2021;09;16;6206;
2021;09;17;5541;
2021;09;18;8430;
2021;09;19;8227;
2021;09;20;6627;
2021;09;21;5883;
2021;09;22;6600;
2021;09;23;13234;
2021;09;24;13371;
2021;09;25;9925;
2021;09;26;13782;
2021;09;27;11151;
2021;09;28;10327;
2021;09;29;8328;
2021;09;30;12921;
2021;10;1;14831;
2021;10;2;13566;
2021;10;3;14015;
2021;10;4;12910;
2021;10;5;11344;
2021;10;6;3612;
2021;10;7;3692;
2021;10;8;13371;
2021;10;9;13717;
2021;10;10;13143;
2021;10;11;9558;
2021;10;12;6986;
2021;10;13;8655;
2021;10;14;3673;
2021;10;15;5473;
2021;10;16;6068;
2021;10;17;6292;
2021;10;18;7314;
2021;10;19;7317;
2021;10;20;9738;
2021;10;21;5724;
2021;10;22;10641;
2021;10;23;7704;
2021;10;24;10449;
2021;10;25;9737;
2021;10;26;7443;
2021;10;27;5060;
2021;10;28;9534;
2021;10;29;9365;
2021;10;30;8970;
2021;10;31;7315;
2021;11;1;7744;
2021;11;2;3033;
2021;11;3;5362;
2021;11;4;1673;
2021;11;5;2361;
2021;11;6;7183;
2021;11;7;4472;
2021;11;8;1974;
2021;11;9;7278;
2021;11;10;6199;
2021;11;11;907;
2021;11;12;1051;
2021;11;13;2431;
2021;11;14;1465;
2021;11;15;5249;
2021;11;16;5348;
2021;11;17;872;
2021;11;18;2204;
2021;11;19;1057;
2021;11;20;1049;
2021;11;21;882;
2021;11;22;1837;
2021;11;23;4673;
2021;11;24;2745;
2021;11;25;1245;
2021;11;26;1186;
2021;11;27;4192;
2021;11;28;850;
2021;11;29;3570;
2021;11;30;1348;
2021;12;1;878;
2021;12;2;2437;
2021;12;3;5348;
2021;12;4;2336;
2021;12;5;2112;
2021;12;6;591;
2021;12;7;2851;
2021;12;8;3935;
2021;12;9;1210;
2021;12;10;3770;
2021;12;11;1179;
2021;12;12;4006;
2021;12;13;1690;
2021;12;14;949;
2021;12;15;1812;
2021;12;16;846;
2021;12;17;3716;
2021;12;18;2491;
2021;12;19;547;
2021;12;20;3081;
2021;12;21;2402;
2021;12;22;4433;
2021;12;23;1668;
2021;12;24;1175;
2021;12;25;1341;
2021;12;26;3741;
2021;12;27;3050;
2021;12;28;2589;
2021;12;29;1527;
2021;12;30;1298;
2021;12;31;1733;
2022;01;1;1092;
2022;01;2;3623;
2022;01;3;3767;
2022;01;4;1037;
2022;01;5;1037;
2022;01;6;4587;
2022;01;7;3939;
2022;01;8;1545;
2022;01;9;1664;
2022;01;10;2255;
2022;01;11;5531;
2022;01;12;1380;
2022;01;13;1600;
2022;01;14;4755;
2022;01;15;2249;
2022;01;16;4790;
2022;01;17;844;
2022;01;18;5440;
2022;01;19;1989;
2022;01;20;3387;
2022;01;21;6287;
2022;01;22;5840;
2022;01;23;2573;
2022;01;24;1700;
2022;01;25;1768;
2022;01;26;1746;
2022;01;27;1510;
2022;01;28;2032;
2022;01;29;1164;
2022;01;30;2410;
2022;01;31;2252;
2022;02;1;2106;
2022;02;2;4902;
2022;02;3;5235;
2022;02;4;2383;
2022;02;5;5201;
2022;02;6;1532;
2022;02;7;4913;
2022;02;8;2073;
2022;02;9;1628;
2022;02;10;7285;
2022;02;11;2947;
2022;02;12;9448;
2022;02;13;10192;
2022;02;14;10103;
2022;02;15;5009;
2022;02;16;5783;
2022;02;17;5238;
2022;02;18;5199;
2022;02;19;5587;
2022;02;20;3893;
2022;02;21;7244;
2022;02;22;7602;
2022;02;23;7986;
2022;02;24;9981;
2022;02;25;7571;
2022;02;26;4576;
2022;02;27;7494;
2022;02;28;10756;
2022;03;1;13140;
2022;03;2;13531;
2022;03;3;9627;
2022;03;4;4723;
2022;03;5;7633;
2022;03;6;4469;
2022;03;7;7325;
2022;03;8;14672;
2022;03;9;14736;
2022;03;10;14689;
2022;03;11;16010;
2022;03;12;16282;
2022;03;13;16346;
2022;03;14;15431;
2022;03;15;10458;
2022;03;16;10680;
2022;03;17;10047;
2022;03;18;14376;
2022;03;19;15616;
2022;03;20;17317;
2022;03;21;18452;
2022;03;22;18290;
2022;03;23;18587;
2022;03;24;17784;
2022;03;25;18142;
2022;03;26;17956;
2022;03;27;18972;
2022;03;28;18749;
2022;03;29;9986;
2022;03;30;4019;
2022;03;31;4773;
2022;04;1;3123;
2022;04;2;4086;
2022;04;3;9948;
2022;04;4;15860;
2022;04;5;5561;
2022;04;6;9006;
2022;04;7;11562;
2022;04;8;10201;
2022;04;9;12787;
2022;04;10;12664;
2022;04;11;20444;
2022;04;12;22720;
2022;04;13;22272;
2022;04;14;21742;
2022;04;15;13726;
2022;04;16;14572;
2022;04;17;24024;
2022;04;18;20696;
2022;04;19;13444;
2022;04;20;10363;
2022;04;21;12147;
2022;04;22;12119;
2022;04;23;24268;
2022;04;24;3927;
2022;04;25;5817;
2022;04;26;17147;
2022;04;27;15502;
2022;04;28;17259;
2022;04;29;23561;
2022;04;30;19576;
2022;05;1;19778;
2022;05;2;20669;
2022;05;3;17438;
2022;05;4;17004;
2022;05;5;15761;
2022;05;6;13175;
2022;05;7;15788;
2022;05;8;22274;
2022;05;9;24851;
2022;05;10;27570;
2022;05;11;24172;
2022;05;12;22361;
2022;05;13;24543;
2022;05;14;26084;
2022;05;15;27676;
2022;05;16;27296;
2022;05;17;5459;
2022;05;18;27554;
2022;05;19;28911;
2022;05;20;23875;
2022;05;21;21457;
2022;05;22;24071;
2022;05;23;24545;
2022;05;24;10018;
2022;05;25;9255;
2022;05;26;21270;
2022;05;27;10199;
2022;05;28;21545;
2022;05;29;17355;
2022;05;30;25797;
2022;05;31;24781;
2022;06;1;27967;
2022;06;2;30395;
2022;06;3;29074;
2022;06;4;21961;
2022;06;5;29185;
2022;06;6;16958;
2022;06;7;10185;
2022;06;8;23669;
2022;06;9;9764;
2022;06;10;15601;
2022;06;11;29066;
2022;06;12;28364;
2022;06;13;9966;
2022;06;14;26121;
2022;06;15;30834;
2022;06;16;19833;
2022;06;17;27393;
2022;06;18;28933;
2022;06;19;29677;
2022;06;20;13297;
2022;06;21;29375;
2022;06;22;26737;
2022;06;23;30899;
2022;06;24;23231;
2022;06;25;17186;
2022;06;26;29064;
2022;06;27;29081;
2022;06;28;25997;
2022;06;29;16303;
2022;06;30;22133;
2022;07;1;14887;
2022;07;2;27036;
2022;07;3;30345;
2022;07;4;19244;
2022;07;5;11631;
2022;07;6;24310;
2022;07;7;13500;
2022;07;8;18411;
2022;07;9;19302;
2022;07;10;13837;
2022;07;11;20287;
2022;07;12;22858;
2022;07;13;25683;
2022;07;14;17320;
2022;07;15;24656;
2022;07;16;20411;
2022;07;17;26434;
2022;07;18;28078;
2022;07;19;28457;
2022;07;20;27433;
2022;07;21;26075;
2022;07;22;26406;
2022;07;23;13275;
2022;07;24;28033;
2022;07;25;28075;
2022;07;26;15921;
2022;07;27;22192;
2022;07;28;26824;
2022;07;29;11398;
2022;07;30;6350;
2022;07;31;23506;
2022;08;1;17146;
2022;08;2;24219;
2022;08;3;26545;
2022;08;4;26030;
2022;08;5;26041;
2022;08;6;11069;
2022;08;7;26969;
2022;08;8;25372;
2022;08;9;20814;
2022;08;10;24636;
2022;08;11;21640;
2022;08;12;16915;
2022;08;13;18522;
2022;08;14;14777;
2022;08;15;18335;
2022;08;16;23626;
2022;08;17;23929;
2022;08;18;20618;
2022;08;19;15261;
2022;08;20;11674;
2022;08;21;5984;
2022;08;22;3816;
2022;08;23;7180;
2022;08;24;13892;
2022;08;25;15424;
2022;08;26;20050;
2022;08;27;16043;
2022;08;28;7030;
2022;08;29;21377;
2022;08;30;18846;
2022;08;31;13225;
2022;09;1;20058;
2022;09;2;15303;
2022;09;3;17446;
2022;09;4;15783;
2022;09;5;18773;
2022;09;6;17718;
2022;09;7;15930;
2022;09;8;8877;
2022;09;9;13501;
2022;09;10;14259;
2022;09;11;13215;
2022;09;12;11956;
2022;09;13;11309;
2022;09;14;2947;
2022;09;15;4175;
2022;09;16;10927;
2022;09;17;5802;
2022;09;18;8818;
2022;09;19;8381;
2022;09;20;11339;
2022;09;21;12034;
2022;09;22;12127;
2022;09;23;16765;
2022;09;24;15214;
2022;09;25;13267;
2022;09;26;9242;
2022;09;27;5803;
2022;09;28;5221;
2022;09;29;15015;
2022;09;30;12645;
2022;10;1;5904;
2022;10;2;9854;
2022;10;3;6461;
2022;10;4;11487;
2022;10;5;9663;
2022;10;6;9289;
2022;10;7;9947;
2022;10;8;8085;
2022;10;9;13604;
2022;10;10;11735;
2022;10;11;11490;
2022;10;12;12510;
2022;10;13;11235;
2022;10;14;6095;
2022;10;15;3322;
2022;10;16;7620;
2022;10;17;11121;
2022;10;18;8344;
2022;10;19;9286;
2022;10;20;11229;
2022;10;21;5409;
2022;10;22;1964;
2022;10;23;8360;
2022;10;24;5163;
2022;10;25;6979;
2022;10;26;7564;
2022;10;27;8521;
2022;10;28;9039;
2022;10;29;7274;
2022;10;30;8015;
2022;10;31;3200;
2022;11;1;2255;
2022;11;2;5324;
2022;11;3;7829;
2022;11;4;907;
2022;11;5;3097;
2022;11;6;2248;
2022;11;7;4797;
2022;11;8;7516;
2022;11;9;3860;
2022;11;10;2971;
2022;11;11;3877;
2022;11;12;1524;
2022;11;13;6022;
2022;11;14;5554;
2022;11;15;3551;
2022;11;16;863;
2022;11;17;1421;
2022;11;18;995;
2022;11;19;4669;
2022;11;20;2214;
2022;11;21;1300;
2022;11;22;1207;
2022;11;23;2457;
2022;11;24;1846;
2022;11;25;2948;
2022;11;26;2416;
2022;11;27;2757;
2022;11;28;1233;
2022;11;29;1029;
2022;11;30;3415;
2022;12;1;2963;
2022;12;2;1649;
2022;12;3;852;
2022;12;4;3155;
2022;12;5;632;
2022;12;6;518;
2022;12;7;2346;
2022;12;8;3506;
2022;12;9;2143;
2022;12;10;1432;
2022;12;11;784;
2022;12;12;1854;
2022;12;13;3881;
2022;12;14;1202;
2022;12;15;2220;
2022;12;16;1342;
2022;12;17;2598;
2022;12;18;1400;
2022;12;19;3107;
2022;12;20;2216;
2022;12;21;1134;
2022;12;22;1157;
2022;12;23;1260;
2022;12;24;2475;
2022;12;25;4008;
2022;12;26;994;
2022;12;27;2912;
2022;12;28;2166;
2022;12;29;1966;
2022;12;30;3117;
2022;12;31;1878;
2023;01;1;4072;
2023;01;2;4299;
2023;01;3;2582;
2023;01;4;2392;
2023;01;5;2737;
2023;01;6;1468;
2023;01;7;4464;
2023;01;8;1071;
2023;01;9;1226;
2023;01;10;2198;
2023;01;11;1719;
2023;01;12;3450;
2023;01;13;2085;
2023;01;14;4425;
2023;01;15;879;
2023;01;16;5567;
2023;01;17;4668;
2023;01;18;1396;
2023;01;19;4387;
2023;01;20;4010;
2023;01;21;1689;
2023;01;22;1273;
2023;01;23;6141;
2023;01;24;6173;
2023;01;25;1322;
2023;01;26;1027;
2023;01;27;1038;
2023;01;28;2146;
2023;01;29;2804;
2023;01;30;1602;
2023;01;31;2482;
2023;02;1;2384;
2023;02;2;3517;
2023;02;3;952;
2023;02;4;4574;
2023;02;5;8309;
2023;02;6;5387;
2023;02;7;8666;
2023;02;8;6306;
2023;02;9;9273;
2023;02;10;4471;
2023;02;11;2151;
2023;02;12;4794;
2023;02;13;2460;
2023;02;14;2595;
2023;02;15;5197;
2023;02;16;4552;
2023;02;17;1726;
2023;02;18;1992;
2023;02;19;3794;
2023;02;20;5766;
2023;02;21;2505;
2023;02;22;4493;
2023;02;23;6296;
2023;02;24;4039;
2023;02;25;4655;
2023;02;26;7685;
2023;02;27;5948;
2023;02;28;10302;
2023;03;1;12737;
2023;03;2;13282;
2023;03;3;13028;
2023;03;4;2925;
2023;03;5;5147;
2023;03;6;5758;
2023;03;7;4848;
2023;03;8;4083;
2023;03;9;4842;
2023;03;10;6692;
2023;03;11;7884;
2023;03;12;11517;
2023;03;13;3574;
2023;03;14;3625;
2023;03;15;9758;
2023;03;16;12863;
2023;03;17;16277;
2023;03;18;13910;
2023;03;19;13435;
2023;03;20;10552;
2023;03;21;8922;
2023;03;22;15468;
2023;03;23;6277;
2023;03;24;5144;
2023;03;25;10589;
2023;03;26;7854;
2023;03;27;10224;
2023;03;28;12500;
2023;03;29;8890;
2023;03;30;5302;
2023;03;31;7018;
2023;04;1;10188;
2023;04;2;9233;
2023;04;3;12453;
2023;04;4;18864;
2023;04;5;14410;
2023;04;6;20536;
2023;04;7;4551;
2023;04;8;7760;
2023;04;9;8198;
2023;04;10;21959;
2023;04;11;5867;
2023;04;12;20604;
2023;04;13;4682;
2023;04;14;2875;
2023;04;15;10474;
2023;04;16;13529;
2023;04;17;19480;
2023;04;18;12350;
2023;04;19;22917;
2023;04;20;18790;
2023;04;21;18762;
2023;04;22;24054;
2023;04;23;12317;
2023;04;24;5712;
2023;04;25;13488;
2023;04;26;17211;
2023;04;27;21767;
2023;04;28;17339;
2023;04;29;11319;
2023;04;30;18664;
2023;05;1;24652;
2023;05;2;9514;
2023;05;3;22218;
2023;05;4;25154;
2023;05;5;25566;
2023;05;6;16326;
2023;05;7;18962;
2023;05;8;27753;
2023;05;9;28408;
2023;05;10;22561;
2023;05;11;23148;
2023;05;12;16088;
2023;05;13;12618;
2023;05;14;12711;
2023;05;15;13341;
2023;05;16;12711;
2023;05;17;10041;
2023;05;18;21253;
2023;05;19;14645;
2023;05;20;25112;
2023;05;21;24038;
2023;05;22;25918;
2023;05;23;14794;
2023;05;24;22773;
2023;05;25;28737;
2023;05;26;16031;
2023;05;27;28850;
2023;05;28;28782;
2023;05;29;29305;
2023;05;30;29462;
2023;05;31;30160;
2023;06;1;27148;
2023;06;2;22446;
2023;06;3;30913;
2023;06;4;30635;
2023;06;5;13229;
2023;06;6;9479;
2023;06;7;14616;
2023;06;8;20923;
2023;06;9;16637;
2023;06;10;20037;
2023;06;11;27195;
2023;06;12;28554;
2023;06;13;18920;
2023;06;14;27453;
2023;06;15;24415;
2023;06;16;23419;
2023;06;17;22426;
2023;06;18;29714;
2023;06;19;19507;
2023;06;20;25706;
2023;06;21;21574;
2023;06;22;25475;
2023;06;23;11542;
2023;06;24;18563;
2023;06;25;25125;
2023;06;26;28883;
2023;06;27;19535;
2023;06;28;19253;
2023;06;29;29241;
2023;06;30;9723;
2023;07;1;21465;
2023;07;2;19420;
2023;07;3;22807;
2023;07;4;25101;
2023;07;5;15821;
2023;07;6;29043;
2023;07;7;30435;
2023;07;8;29512;
2023;07;9;28830;
2023;07;10;14303;
2023;07;11;28655;
2023;07;12;18910;
2023;07;13;20329;
2023;07;14;26214;
2023;07;15;29144;
2023;07;16;16795;
2023;07;17;21300;
2023;07;18;27564;
2023;07;19;24213;
2023;07;20;23975;
2023;07;21;19264;
2023;07;22;22365;
2023;07;23;24234;
2023;07;24;19109;
2023;07;25;16303;
2023;07;26;18399;
2023;07;27;21151;
2023;07;28;17150;
2023;07;29;16971;
2023;07;30;12889;
2023;07;31;16136;
2023;08;1;8029;
2023;08;2;16899;
2023;08;3;15202;
2023;08;4;16199;
2023;08;5;2496;
2023;08;6;5295;
2023;08;7;11440;
2023;08;8;17920;
2023;08;9;14146;
2023;08;10;25450;
2023;08;11;22232;
2023;08;12;24475;
2023;08;13;21396;
2023;08;14;20715;
2023;08;15;24189;
2023;08;16;22367;
2023;08;17;19332;
2023;08;18;24014;
2023;08;19;23193;
2023;08;20;18457;
2023;08;21;19482;
2023;08;22;21209;
2023;08;23;21667;
2023;08;24;21830;
2023;08;25;18597;
2023;08;26;15717;
2023;08;27;3116;
2023;08;28;6501;
2023;08;29;3060;
2023;08;30;4920;
2023;08;31;14318;
2023;09;1;11455;
2023;09;2;12802;
2023;09;3;11996;
2023;09;4;20570;
2023;09;5;20523;
2023;09;6;20679;
2023;09;7;20592;
2023;09;8;19971;
2023;09;9;19666;
2023;09;10;19506;
2023;09;11;18799;
2023;09;12;16815;
2023;09;13;16031;
2023;09;14;14387;
2023;09;15;15455;
2023;09;16;18012;
2023;09;17;17726;
2023;09;18;15921;
2023;09;19;11015;
2023;09;20;17395;
2023;09;21;12884;
2023;09;22;3272;
2023;09;23;8508;
2023;09;24;13572;
2023;09;25;13598;
2023;09;26;14009;
2023;09;27;15159;
2023;09;28;15416;
2023;09;29;14732;
2023;09;30;11582;
2023;10;1;11764;
2023;10;2;13926;
2023;10;3;13472;
2023;10;4;9542;
2023;10;5;10360;
2023;10;6;10850;
2023;10;7;8200;
2023;10;8;7128;
2023;10;9;1260;
2023;10;10;4692;
2023;10;11;10142;
2023;10;12;5904;
2023;10;13;7092;
2023;10;14;4180;
2023;10;15;11735;
2023;10;16;8609;
2023;10;17;9110;
2023;10;18;10481;
2023;10;19;3185;
2023;10;20;3187;
2023;10;21;10150;
2023;10;22;5697;
2023;10;23;9802;
2023;10;24;4913;
2023;10;25;7927;
2023;10;26;4992;
2023;10;27;1484;
2023;10;28;3681;
2023;10;29;8153;
2023;10;30;6932;
2023;10;31;3868;
2023;11;1;7833;
2023;11;2;6504;
2023;11;3;642;
2023;11;4;8305;
2023;11;5;4455;
2023;11;6;2643;
2023;11;7;6786;
2023;11;8;2857;
2023;11;9;6523;
2023;11;10;3526;
2023;11;11;2778;
2023;11;12;4929;
2023;11;13;2957;
2023;11;14;3353;
2023;11;15;2062;
2023;11;16;4465;
2023;11;17;2815;
2023;11;18;4011;
2023;11;19;1164;
2023;11;20;1323;
2023;11;21;2620;
2023;11;22;2041;
2023;11;23;1448;
2023;11;24;2870;
2023;11;25;2880;
2023;11;26;3366;
2023;11;27;1013;
2023;11;28;1080;
2023;11;29;2428;
2023;11;30;2359;
2023;12;1;1031;
2023;12;2;1890;
2023;12;3;3544;
2023;12;4;4963;
2023;12;5;2581;
2023;12;6;3448;
2023;12;7;2783;
2023;12;8;4542;
2023;12;9;961;
2023;12;10;2524;
2023;12;11;2579;
2023;12;12;3290;
2023;12;13;1147;
2023;12;14;1107;
2023;12;15;1837;
2023;12;16;2963;
2023;12;17;4243;
2023;12;18;4787;
2023;12;19;3875;
2023;12;20;1327;
2023;12;21;471;
2023;12;22;1842;
2023;12;23;626;
2023;12;24;891;
2023;12;25;1166;
2023;12;26;1675;
2023;12;27;4466;
2023;12;28;2329;
2023;12;29;3279;
2023;12;30;3459;
2023;12;31;3866;